Address,Avg Time Between Received Transactions (mins),Time Span of Transactions (mins),Unique Senders to Receiver,Min Value Received,Max Value Received,Avg Value Received,Total Transactions,Total Cryptocurrency Received,Remaining Cryptocurrency Balance
0x95222290dd7278aa3ddd389cc1e1d165cc4bafe5,12.00,12.00,1,0.000627070000000000,0.000627220000000000,0.000627145000000000,2,0.001254290000000000,0.001254290000000000
0x0b3b161b8abeb6b04cb95c3e6047f80c120a0292,1621.87,48656.00,1,0.025985650031512823,1.261694581005164739,0.179190011964587309,31,5.554890370902206165,5.554890370902206165
0x388c818ca8b9251b393131c08a736a67ccb19297,14.76,46805.40,1,0.002600171916774414,18.589153745962033071,0.212709714598321775,3172,674.715214705876633161,674.715214705876633161
0xffee087852cb4898e6c3532e776e68bc68b1143b,270.39,46507.80,1,0.014370587605654871,12.522754782197054624,0.232122897464966615,173,40.157261261439224143,40.157261261439224143
0x301407427168fb51bcc927b9fb76dcd88fe45681,5091.04,45819.40,1,0.018470314260877831,1.876110955879942477,0.266254540606836232,10,2.662545406068362208,2.662545406068362208
0x4a9fa341edb49a0e30b56b4b45d58f802f656c59,14977.87,44933.60,1,0.033133090729115307,0.104553056876969627,0.072492443478070948,4,0.289969773912283790,0.289969773912283790
0xb79872dc1e960b7c6b9b5e832dd55d9c2bf653cb,6270.57,43894.00,1,0.031626561990452211,0.416108834603696576,0.119888243278866394,8,0.959105946230931150,0.959105946230931150
0x8880bb98e7747f73b52a9cfa34dab9a4a06afa38,1032.89,44414.40,1,0.080910495135648575,4.011417308086280720,0.355797903876591659,44,15.655107770570031889,15.655107770570031889
0xdefe33795803f2353c69fd8cdb432f9d5cee6762,1578.85,44207.80,1,0.022600531377559425,0.940774095289561241,0.101082066276082794,29,2.931379922006401184,2.931379922006401184
0x1cedc0f3af8f9841b0a1f5c1a4ddc6e1a1629074,411.45,44025.20,1,0.011803379733225769,5.500488351686017907,0.238458058081777807,108,25.753470272832004184,25.753470272832004184
0xebec795c9c8bbd61ffc14a6662944748f299cacf,51.75,43887.80,1,0.011677681856156842,6.293758068270126849,0.201965835802545818,849,171.468994596361397953,171.468994596361397953
0xe94f1fa4f27d9d288ffea234bb62e1fbc086ca0c,172.13,42860.00,1,0.013672748255717569,3.501543531876050608,0.172432963107280041,250,43.108240776820011320,43.108240776820011320
0xb755c3bec24ed045dcf7303fe3b1d75183b14fa4,20631.90,41263.80,1,0.026797578607803924,0.087202770393456142,0.058360475843157122,3,0.175081427529471367,0.175081427529471367
0x221507c5cae31196a535f223c022eb0e38c3377d,3795.16,41746.80,1,0.018343610109509471,0.788062275718503735,0.144672485347348806,12,1.736069824168185782,1.736069824168185782
0xe98842c1b0065f5f4130dd1466e0a1155d1ce621,4099.20,40992.00,1,0.045471030155822240,1.677182989494572896,0.251421186447819911,11,2.765633050926019187,2.765633050926019187
0xc436eb8aed128275c8f224de2f1dd202c0ab5830,2270.56,40870.00,1,0.026172105020549733,12.329305359082733062,0.770443504509815136,19,14.638426585686488579,14.638426585686488579
0xc527702b14bf2f79f70b32e09f62b6a74cadfd80,2709.33,40640.00,1,0.039103227993165637,4.428980540020984513,0.476597901793527956,16,7.625566428696447296,7.625566428696447296
0x7a1a489c0ed8a07e25f03f3ddfad885a0d5390d6,1542.88,40114.80,1,0.019995045737087928,1.053403797786558238,0.108687805082475830,27,2.934570737226847470,2.934570737226847470
0x326ce3994d16e8ac6193d4a282ecd6be58818866,623.73,1871.20,1,0.019930548799476863,1.832657664823768240,0.487342092717080566,4,1.949368370868322264,1.949368370868322264
0x3e3753491f224571dd8d7e925b73cc685ab0aae4,4397.00,39573.00,1,0.023418932690874944,0.129664257694509594,0.064938891187389977,10,0.649388911873899799,0.649388911873899799
0xe688b84b23f322a994a53dbf8e15fa82cdb71127,58.77,40198.80,1,0.014456683071806220,26.192044734452370136,0.222593929122768069,685,152.476841449096127690,152.476841449096127690
0x51de21bec7f334cdc01d3787e2a150216628e021,1714.20,32569.80,1,0.023566621315422993,1.436297059514425767,0.179060850185349146,20,3.581217003706982815,3.581217003706982815
0xee5f5c53ce2159fc6dd4b0571e86a4a390d04846,2046.22,38878.20,1,0.019618654994320101,2.420349638191551911,0.283885586650712285,20,5.677711733014246143,5.677711733014246143
0x2f777e9f26aa138ed21c404079e80656b448c711,2570.76,38561.40,1,0.011372901912526616,0.506847671590992643,0.086689331297992375,16,1.387029300767878004,1.387029300767878004
0x0077732907bfc6208933cfd2a51afb8f33ca5958,602.06,38531.60,1,0.016649778707765909,8.889313345754842999,0.420033313895080640,65,27.302165403180239878,27.302165403180239878
0x6b333b20fbae3c5c0969dd02176e30802e2fbbdb,700.41,38522.40,1,0.015965715680187623,0.788727245201704119,0.125632064005854138,56,7.035395584327831742,7.035395584327831742
0x57865ba267d48671a41431f471933aec32a7c7d1,425.72,38315.20,1,0.024568741979653481,7.384741094444211562,0.255816751421919508,91,23.279324379394672917,23.279324379394672917
0xc2012f0b65adde87739344ab385992c4e36d0b0c,0.00,0.00,1,0.025681889693529730,0.025681889693529730,0.025681889693529730,1,0.025681889693529730,0.025681889693529730
0xffd22b84fb1d46ef74ed6530b2635be61340f347,1026.68,37987.20,1,0.019393287267882926,2.075896635848025085,0.156194656248804936,38,5.935396937454587629,5.935396937454587629
0xeee27662c2b8eba3cd936a23f039f3189633e4c8,391.84,38008.80,1,0.021507700146775614,1.311405719313308627,0.175020274838593448,98,17.151986934182158251,17.151986934182158251
0x9695ee4778bdeb13b217979d93c4670cbf41cc65,1889.69,37793.80,1,0.029144905187330653,0.796849892709308727,0.155793231085525896,21,3.271657852796043819,3.271657852796043819
0xba401cdac1a3b6aeede21c9c4a483be6c29f88c5,610.71,37864.00,1,0.077949369751447700,2.567551798694609921,0.290050183822807395,63,18.273161580836866591,18.273161580836866591
0xce8a9a40bd846dc8f27dda35dc8630f461fa0b1a,1563.19,37516.60,1,0.012897055715967729,1.002336311376068601,0.171985844438498348,25,4.299646110962458856,4.299646110962458856
0xbe4ed2345b57b87cb43d31c7f90cba7cd7f4457f,18687.40,37374.80,1,0.041599804101017039,0.185489337770729401,0.104347316327130069,3,0.313041948981390206,0.313041948981390206
0xc33049b3d6e330c696ba6a8b1c2ec343929705d9,0.00,0.00,1,0.032072034633514254,0.032072034633514254,0.032072034633514254,1,0.032072034633514254,0.032072034633514254
0x42a93a9f5cfda54716c414b6eaf07cf512f46ead,1636.37,37636.40,1,0.026092273654555673,0.831432313135348600,0.165080876666892223,24,3.961941040005413583,3.961941040005413583
0x80d01d9c1e98906c2343a3c0967883c086f4bd9d,0.00,0.00,1,0.065621649921627098,0.065621649921627098,0.065621649921627098,1,0.065621649921627098,0.065621649921627098
0x906219a7b1843e432a80714b584b8ce93c2005ed,8928.70,35714.80,1,0.023784553363253656,0.139774299361283105,0.093140948715945124,5,0.465704743579725633,0.465704743579725633
0xadae1798f761fa7fce29b6673d453d1a48a2931a,1284.20,37241.80,1,0.019587695869254872,0.729116983832074572,0.112989691916544316,30,3.389690757496329532,3.389690757496329532
0xa4c94a6091545e40fc9c3e0982aec8942e282f38,9181.00,36724.00,1,0.034698124905611361,1.258930774952159215,0.312077494628559049,5,1.560387473142795356,1.560387473142795356
0x0b70b578abd96aab5e80d24d1f3c28dbde14356a,5240.57,36684.00,1,0.041849057142188992,0.637767918334169903,0.223595410610244294,8,1.788763284881954352,1.788763284881954352
0xcfe2caaf3cec97061d0939748739bffe684ae91f,4656.07,37248.60,1,0.057246118221973917,1.946764432452864790,0.360371599694042033,9,3.243344397246378463,3.243344397246378463
0x7ade2d98420d1735ea2ad3c17ef46bf11500fc4f,9106.85,36427.40,1,0.041191250677746392,0.416549816672773521,0.126959148526219118,5,0.634795742631095616,0.634795742631095616
0xd345dd1dca8b61030f0ab65fd3d78ada17334f8c,0.00,0.00,1,0.042109674690968775,0.042109674690968775,0.042109674690968775,1,0.042109674690968775,0.042109674690968775
0x8b64673c9a482913a6e2c1298637532947cd96ee,0.00,0.00,1,0.051129885285533125,0.051129885285533125,0.051129885285533125,1,0.051129885285533125,0.051129885285533125
0x199719351b43815a00fa724c02e1ca0fbe9e6f67,20704.20,20704.20,1,0.081954928116850387,0.154488737485508870,0.118221832801179622,2,0.236443665602359243,0.236443665602359243
0x333c6e15b2fc194ed6b3f6937b8f3280053d47b4,13257.90,26515.80,1,0.044096018383182424,0.143976401702465784,0.103139179501562442,3,0.309417538504687339,0.309417538504687339
0x2b941072f0cc2ad3189b6e65bf5984faeb754f5d,0.00,0.00,1,0.031055712659158068,0.031055712659158068,0.031055712659158068,1,0.031055712659158068,0.031055712659158068
0xb65301693fc114f3d8c0c466e6139dde6d08a604,0.00,0.00,1,0.033128078600276986,0.033128078600276986,0.033128078600276986,1,0.033128078600276986,0.033128078600276986
0x8c779811306cee2fafc908c557ccb4be9ff20a01,0.00,0.00,1,0.105314800713764770,0.105314800713764770,0.105314800713764770,1,0.105314800713764770,0.105314800713764770
0x535b918f3724001fd6fb52fcc6cbc220592990a3,280.36,30278.60,1,0.030117187648083171,2.680494770654253678,0.171129611495802747,109,18.653127653042499645,18.653127653042499645
0x2d335c7553d5a5e529321559df25ea8316c02672,0.00,0.00,1,0.104885897920346041,0.104885897920346041,0.104885897920346041,1,0.104885897920346041,0.104885897920346041
0xb06a0cfd94010bb696490bf4d36fb0660f4b8b4f,0.00,0.00,1,0.124186664649924186,0.124186664649924186,0.124186664649924186,1,0.124186664649924186,0.124186664649924186
0x6d5a7597896a703fe8c85775b23395a48f971305,4828.20,4828.20,1,0.037106160480230223,0.042831965219687157,0.039969062849958686,2,0.079938125699917373,0.079938125699917373
0x9cc2d35be4d953dd54bb6f75f518909990e82e4f,3213.67,28923.00,1,0.024830740157133220,0.199901362281054235,0.085980917546603530,10,0.859809175466035303,0.859809175466035303
0xd4e96ef8eee8678dbff4d535e033ed1a4f7605b7,321.71,29275.20,1,0.017065815230334069,2.517657508764085339,0.156821976922958017,92,14.427621876912137822,14.427621876912137822
0x5be9b269a83018e3192d6139dc6431de5656ea8a,603.81,28982.80,1,0.016060663260536946,0.695376033585228370,0.112451344829740563,49,5.510115896657287848,5.510115896657287848
0xf114c00c9ef780128ab9309fe8407071e114182a,28103.00,28103.00,1,0.028202956950227880,0.042952591344591930,0.035577774147409903,2,0.071155548294819806,0.071155548294819806
0x129589472f6f11eb57720ef1793f8b2994d0ee55,6522.20,19566.60,1,0.027506800844233785,0.534670932722356107,0.161800972886562394,4,0.647203891546249577,0.647203891546249577
0x7d87c22e5a259d80d35b75e6fb841efccc2e7abc,5821.75,23287.00,1,0.029719512263009722,0.178799792791073803,0.107362073152889453,5,0.536810365764447295,0.536810365764447295
0xea7459c7e0ce2ce114ee4da948c5d994d6cd7ed1,1520.36,25846.20,1,0.032234119787103679,0.816683764908608389,0.163077871449197609,18,2.935401686085556960,2.935401686085556960
0x8d9da7a7053049691265535573a2f572391b072c,0.00,0.00,1,0.089312960319807122,0.089312960319807122,0.089312960319807122,1,0.089312960319807122,0.089312960319807122
0x3a30afe62a8382b8a76bf80b8d42e5518829b6e2,5001.72,25008.60,1,0.026459159991717988,0.345510909501628716,0.170788431136200652,6,1.024730586817203859,1.024730586817203859
0xf63f5fcc54f5fd11f3c098053f330e032e4d9259,7828.73,23486.20,1,0.022580045622361721,0.797774717610835737,0.225035304393788743,4,0.900141217575154973,0.900141217575154973
0xfda3368e9aa37d3104bb38e46e9e7e856147ab7c,443.20,443.20,1,0.036838026941166696,0.074465138929422123,0.055651582935294409,2,0.111303165870588819,0.111303165870588819
0xd73d7042f67d2081bf3e709934c48433542ebe4a,1109.48,24408.60,1,0.021070835135415973,1.795728886099145383,0.200463612740551328,23,4.610663093032680848,4.610663093032680848
0x9780713736db73d09b7fecba15c25679f55bd13e,5714.00,17142.00,1,0.048536976451466048,0.250215092693640617,0.102885565578715199,4,0.411542262314860796,0.411542262314860796
0x6c9a488d2a30716d747d7c550cd056f01397a968,21043.80,21043.80,1,0.029586485682432065,0.052236958322226801,0.040911722002329433,2,0.081823444004658866,0.081823444004658866
0x62b0c2e2eb4f479d8ddc1bc552d41b7275b17576,0.00,0.00,1,0.118578188142643565,0.118578188142643565,0.118578188142643565,1,0.118578188142643565,0.118578188142643565
0x684a6cca1c858bb7588144c843e9162cf8884d66,0.00,0.00,1,1.305350892519177242,1.305350892519177242,1.305350892519177242,1,1.305350892519177242,1.305350892519177242
0x497453dfaf3205da492d74314716b09c366c6df6,16087.40,16087.40,1,0.026695513103265230,0.055893819260940968,0.041294666182103097,2,0.082589332364206194,0.082589332364206194
0x5675801e9346ea8165e7eb80dccd01dca65c0f3a,22339.80,22339.80,1,0.031631854517866251,0.516624443777464526,0.274128149147665368,2,0.548256298295330735,0.548256298295330735
0x3e3e93e70e03a374cd0d8752c707cb13d4a6066a,5634.25,22537.00,1,0.025349481188496063,0.067953403514654204,0.043906758921416010,5,0.219533794607080057,0.219533794607080057
0xc4bc404e7bddb11cb8e6b633d6fa5714b9afc17c,5770.00,23080.00,1,0.038417876230023101,0.136946665460575739,0.072968411299142111,5,0.364842056495710554,0.364842056495710554
0x218f23c2b1cbc74525ee557ee366b636f4731636,0.00,0.00,1,0.086015252673270634,0.086015252673270634,0.086015252673270634,1,0.086015252673270634,0.086015252673270634
0xcd024414b9fd0c702df325ecc762f0bf8b32f46a,7467.40,7467.40,1,0.039302170866998255,0.209259100925779429,0.124280635896388839,2,0.248561271792777677,0.248561271792777677
0x3d08cc653ec3df0c039c3a1da15ed0ceea3b0acc,6254.33,18763.00,1,0.033746147750238632,0.116891895206995375,0.072674066714656690,4,0.290696266858626762,0.290696266858626762
0x4675c7e5baafbffbca748158becba61ef3b0a263,12.48,22595.60,1,0.011819312891795676,5.830240954186795221,0.154351300242089789,1811,279.530204738424629340,279.530204738424629340
0xa27cef8af2b6575903b676e5644657fae96f491f,387.54,22477.60,1,0.019855711981424357,3.660769109319908843,0.167305719151189553,59,9.871037429920184181,9.871037429920184181
0x31a47094c6325d357c7331c621d6768ba041916e,6877.27,20631.80,1,0.016124837166391084,2.502650227268045757,0.680235081891257920,4,2.720940327565031680,2.720940327565031680
0xf97eaea11d05ca90e710267bd5bec35f32df2290,0.00,0.00,1,0.144421630409011598,0.144421630409011598,0.144421630409011598,1,0.144421630409011598,0.144421630409011598
0x8c468c91d3dcf95807390205c74b1afa6fa49e1d,0.00,0.00,1,0.227346077479453179,0.227346077479453179,0.227346077479453179,1,0.227346077479453179,0.227346077479453179
0x72883656c0468f5867179444c48fa2fbc3f9f4f2,0.00,0.00,1,0.188006083359441634,0.188006083359441634,0.188006083359441634,1,0.188006083359441634,0.188006083359441634
0xa2d4535b7e453573428943adb160bd69285ad681,3146.57,22026.00,1,0.062888447305672168,0.281991053013283144,0.134182994729481697,8,1.073463957835853577,1.073463957835853577
0x4c54facfcbdecdaefd722bf6acc7ec8863d1c715,0.00,0.00,1,0.027985518902090011,0.027985518902090011,0.027985518902090011,1,0.027985518902090011,0.027985518902090011
0x2e08451b79a01cda253811e45719ceb42640c20d,1294.84,22012.20,1,0.025728076946301744,8.623535465208282957,0.550041068406535549,18,9.900739231317640332,9.900739231317640332
0x991217ef9f96456e5df5e158f444f25e9638c6d8,4145.24,20726.20,1,0.019682982896937224,0.207648902818474979,0.061576390309152955,6,0.369458341854917716,0.369458341854917716
0x6b79f9fc634cf657b6bb33749ea4c5cda552f0a7,0.00,0.00,1,0.059338200224511133,0.059338200224511133,0.059338200224511133,1,0.059338200224511133,0.059338200224511133
0xe887312c0595a10ac88e32ebb8e9f660ad9ab7f7,308.84,21618.80,1,0.018150743184615764,28.099382156282711520,0.568845766697747002,71,40.388049435540040122,40.388049435540040122
0xcbfa884044546d5569e2abff3fb429301b61562a,303.33,21536.40,1,0.026271600920222776,1.669762796576847341,0.189857647339457480,72,13.669750608440939033,13.669750608440939033
0x60bcb7fe344c5024ab0ce07c63426d856afb2d39,0.00,0.00,1,0.090219187359139599,0.090219187359139599,0.090219187359139599,1,0.090219187359139599,0.090219187359139599
0x85a48e017c2f09037046656f2dbb063c3c1d3ce2,10227.00,20454.00,1,0.105564208187467951,0.339145169876093056,0.208701102940359595,3,0.626103308821078786,0.626103308821078786
0xaab9e3b53ad35a4dcdd7a8a83a016837ebb5532b,3626.00,3626.00,1,0.056848552658787285,0.061881917956191801,0.059365235307489543,2,0.118730470614979086,0.118730470614979086
0x236275902a21de9e18752c9642b10a110c9f0ecf,3332.30,19993.80,1,0.028781541705244672,0.108271371565505495,0.055436199883629286,7,0.388053399185404990,0.388053399185404990
0x572f27cf5bd03719d9588964c907a908877894ae,6937.20,20811.60,1,0.025547561782087797,0.074304063491086828,0.053741660115858167,4,0.214966640463432668,0.214966640463432668
0x790817ad78a3a8799f45a7affff506c6b7cd42ee,0.00,0.00,1,0.031597556843412658,0.031597556843412658,0.031597556843412658,1,0.031597556843412658,0.031597556843412658
0x34f4261360d0372176d1d521bf99bf803ced4f6b,1860.89,20469.80,1,0.044642689607468367,8.263749064012646528,1.208742940416605238,12,14.504915284999263747,14.504915284999263747
0x0c19a07242755b3f107cfb4c74d236a18548541f,17474.20,17474.20,1,0.069154527696135060,0.177395492231227137,0.123275009963681098,2,0.246550019927362196,0.246550019927362196
0xc2f3c4ebe3a323e6cad696c3ae86cb4f8dad4ee6,0.00,0.00,1,0.339562456335566920,0.339562456335566920,0.339562456335566920,1,0.339562456335566920,0.339562456335566920
0xef93a7ac3c4829238e58dfc39872c936875a5a5c,0.00,0.00,1,0.294687542426545934,0.294687542426545934,0.294687542426545934,1,0.294687542426545934,0.294687542426545934
0xc50f45ff429d42059a20b4ba1d11530934522630,5084.00,20336.00,1,0.060132975357217899,0.869396972951585800,0.330820087408798480,5,1.654100437043992455,1.654100437043992455
0x30583a30d1698358e1101650c4e7f534f03e7a73,4655.50,18622.00,1,0.051352623800250602,0.401711446172081488,0.159361876440628325,5,0.796809382203141681,0.796809382203141681
0x6b3a8798e5fb9fc5603f3ab5ea2e8136694e55d0,1156.16,19654.80,1,0.023277027228493983,0.595500107025818126,0.125167114525226997,18,2.253008061454086164,2.253008061454086164
0x4c992ec2d310ad988ed4b6874f6c3ca129358cfa,2037.98,20379.80,1,0.035452079453252058,1.293475244781941980,0.209436843370390147,11,2.303805277074291613,2.303805277074291613
0x128cbcf80d6fc5fbb475249078e1ee5aea6f2258,0.00,0.00,1,0.074853341749546956,0.074853341749546956,0.074853341749546956,1,0.074853341749546956,0.074853341749546956
0x59c9663ff438f9a0023cec71a29d6d3f0f26b791,14031.80,14031.80,1,0.105543786545683596,0.203923578882687973,0.154733682714185777,2,0.309467365428371555,0.309467365428371555
0x2eeb301387d6bda23e02fa0c7463507c68b597b5,1016.03,20320.60,1,0.025828937771250341,0.793206926384393718,0.119879417371196589,21,2.517467764795128460,2.517467764795128460
0x0e79f1f33ec7c932ed9388938726d225b83a03f5,0.00,0.00,1,0.187355849730342472,0.187355849730342472,0.187355849730342472,1,0.187355849730342472,0.187355849730342472
0x914e0625480a39dc3b4576f0be4c3cd1ce84fa0c,0.00,0.00,1,0.417096475669623323,0.417096475669623323,0.417096475669623323,1,0.417096475669623323,0.417096475669623323
0x4e9cc05f7f944d618de85396e669922c2cf6813e,620.50,20476.40,1,0.022195727529373575,1.017909902826405810,0.127613180907289681,34,4.338848150847849361,4.338848150847849361
0x7224e2887d20c4286f928d43f2c2aeb94bbcd500,902.43,19853.40,1,0.022082692664674913,1.252150014793968369,0.154269357137992363,23,3.548195214173824663,3.548195214173824663
0xe35fbb432dd38d83422ee15696c08543512c783e,19637.80,19637.80,1,0.082389905318597412,0.139192587968917925,0.110791246643757668,2,0.221582493287515336,0.221582493287515336
0xe4a8dfca175cdca4ae370f5b7aaff24bd1c9c8ef,961.28,20186.80,1,0.017844884396859679,0.588654384145240739,0.108887407282793669,22,2.395522960221460718,2.395522960221460718
0x926f974a623c51cac02c7f5c178dc6d2f431c23d,0.00,0.00,1,0.698623773448243668,0.698623773448243668,0.698623773448243668,1,0.698623773448243668,0.698623773448243668
0x772ec531728375d1db6264f08348a1bd872d543c,0.00,0.00,1,0.082840717835490602,0.082840717835490602,0.082840717835490602,1,0.082840717835490602,0.082840717835490602
0xf7369e74329be2b8d041e89c55278d1127eda1cb,0.00,0.00,1,0.099545626398658174,0.099545626398658174,0.099545626398658174,1,0.099545626398658174,0.099545626398658174
0x4a6330220914727a2456a8a059f1ac5b5a1e5b6a,1525.80,19835.40,1,0.033512997181217530,1.572564721188068004,0.234720796853278374,14,3.286091155945897402,3.286091155945897402
0x5914cdd5c32cc33837cba58c1b616920b8338c37,0.00,0.00,1,0.117138624719842141,0.117138624719842141,0.117138624719842141,1,0.117138624719842141,0.117138624719842141
0xddf4c5025d1a5742cf12f74eec246d4432c295e4,679.01,19691.40,1,0.018842670367474664,1.620206253341976543,0.201731669248599560,30,6.051950077457986410,6.051950077457986410
0x8d0d35169cc73b5a9a2e5dabf794615cea019487,17405.40,17405.40,1,0.067660826434369506,0.075335256500129844,0.071498041467249668,2,0.142996082934499336,0.142996082934499336
0xa1feaf41d843d53d0f6bed86a8cf592ce21c409e,3174.60,19047.60,1,0.043193094868502271,0.620461076070274009,0.147348294531225166,7,1.031438061718576105,1.031438061718576105
0x90162ad4623910bd53ea3c1f64acbf360678f8ba,0.00,0.00,1,0.054226726790687227,0.054226726790687227,0.054226726790687227,1,0.054226726790687227,0.054226726790687227
0x75eaba965577fee13f86ac2541461a8a905b5c01,14532.20,14532.20,1,0.036945074508654106,0.339828082898705530,0.188386578703679808,2,0.376773157407359616,0.376773157407359616
0x9796593bafc9fe5c61630cc29d275cc6be40b064,0.00,0.00,1,0.030679043908457580,0.030679043908457580,0.030679043908457580,1,0.030679043908457580,0.030679043908457580
0x4cd195644cfd5dd248d7cac6199088e51ab5eb42,0.00,0.00,1,0.448135991269476397,0.448135991269476397,0.448135991269476397,1,0.448135991269476397,0.448135991269476397
0x464daad44a621a2fbd918eda14973854f2da918f,10556.40,10556.40,1,0.051384936017570819,0.058160083511489546,0.054772509764530186,2,0.109545019529060372,0.109545019529060372
0xcad48312a3b004209ade8df639dbeeff63c1f95d,4577.00,18308.00,1,0.033613403431889004,0.229065075628109238,0.100862997062319243,5,0.504314985311596242,0.504314985311596242
0x94e54e7dac92f96631d15c6119d329dbb778b764,4790.40,19161.60,1,0.065629724780474449,2.187196743026190937,0.610020212607724543,5,3.050101063038622939,3.050101063038622939
0x86c9ee9d8ba417d5c330fc8f68503b616b628b6d,18325.00,18325.00,1,0.060710259076234674,0.126134189520134443,0.093422224298184559,2,0.186844448596369117,0.186844448596369117
0xf22e098cb0d6c24d88ab79c1ce87b73ea26e608f,1104.89,18783.20,1,0.025160006381754880,2.634041604511091705,0.242481494449656193,18,4.364666900093811641,4.364666900093811641
0x5f7ce8b4778ff47921566d91836b45cfba925d06,0.00,0.00,1,0.056107959073340583,0.056107959073340583,0.056107959073340583,1,0.056107959073340583,0.056107959073340583
0x40638c53d6ef529243a981844b7192744640dd40,960.65,19213.00,1,0.030976187257379065,0.938772623083008018,0.152643996772019758,21,3.205523932212415161,3.205523932212415161
0x1dfbf63409fbbb142adccad87aa2af462c7532f3,3709.60,14838.40,1,0.020736793262434473,0.198551534720222522,0.084222221959649526,5,0.421111109798247618,0.421111109798247618
0x08a9a43fca6e4f5478db1abf80119ef01ce36eac,1047.44,18854.00,1,0.025797931484779643,2.604283874305802549,0.231625369554139759,19,4.400882021528655486,4.400882021528655486
0x544338a83a88755d8537cb248ce7714db86dd0f8,18635.40,18635.40,1,0.055661139342134007,0.311313303549335896,0.183487221445734955,2,0.366974442891469910,0.366974442891469910
0x8b91d3f7e239db69f9262d90422f2b206c6be108,0.00,0.00,1,0.012484201149853840,0.012484201149853840,0.012484201149853840,1,0.012484201149853840,0.012484201149853840
0xc25a272a4d2ef4c80173187bf69f4238c5b6564f,907.80,18156.00,1,0.028217557398645423,0.612876635774272205,0.114081329533699302,21,2.395707920207685415,2.395707920207685415
0x3ec0977544889c0bb3115e5e8c654e24cd36e7d3,1882.42,15059.40,1,0.018377945343662203,0.094084200410853969,0.043109369912138797,9,0.387984329209249190,0.387984329209249190
0x4c3d2d55713e625c6446752d5b111a879c099016,17224.40,17224.40,1,0.031671467846068987,0.064771158995489062,0.048221313420779024,2,0.096442626841558049,0.096442626841558049
0x4e71f9debec9117f1facc7eeb490758af45806a7,1015.70,18282.60,1,0.040380601995185457,2.861372709529999891,0.280410934528200262,19,5.327807756035804587,5.327807756035804587
0xac91bc453eb348a51b1a79f4f242386aa2efe12f,12239.80,12239.80,1,0.038432580057451718,0.438498460268932688,0.238465520163192196,2,0.476931040326384392,0.476931040326384392
0x634316ea0ee79c701c6f67c53a4c54cbafd2316d,1150.21,18403.40,1,0.025520574678829434,2.934682338990437955,0.295781039618027430,17,5.028277673506466705,5.028277673506466705
0xa1e0fc126c7ef6a7f3036cc243688ebe3598220e,7516.00,15032.00,1,0.025020182069419479,0.076774125343487445,0.048570175698701458,3,0.145710527096104381,0.145710527096104381
0x003a4cc04501e9adecf850313db2d3797df801a2,2483.66,17385.60,1,0.022666910343993318,0.830438893155242219,0.154100896890974559,8,1.232807175127796473,1.232807175127796473
0x42e05dc97e7baf3e1ecaaa657f2a8c479038d81b,0.00,0.00,1,0.046336660716551237,0.046336660716551237,0.046336660716551237,1,0.046336660716551237,0.046336660716551237
0xc457c11e2d7b6ed68516cded897c2ab9f41e022c,1025.07,17426.20,1,0.019620391149127250,0.796988571781889865,0.151337202719721925,18,2.724069648954994705,2.724069648954994705
0xade7f9e2c809309547df9b4215b93f70d7759a87,7374.20,14748.40,1,0.042295377843650409,0.139367541099666509,0.080865423153178351,3,0.242596269459535052,0.242596269459535052
0x123b9747ede9db10f64e0c5c6fd0f5ac68a0a806,1385.78,18015.20,1,0.035721413458892799,0.216224775808394554,0.087557436794637095,14,1.225804115124919269,1.225804115124919269
0x5ed1b7943573a484afd9c873597d2b72dc507293,0.00,0.00,1,0.230296618825507532,0.230296618825507532,0.230296618825507532,1,0.230296618825507532,0.230296618825507532
0xe4a793c56f82590e058d1defa5d2b3b96f55f704,0.00,0.00,1,0.055587334746879179,0.055587334746879179,0.055587334746879179,1,0.055587334746879179,0.055587334746879179
0x378cdc4e9e9bccd7aeda011888ecf6a8528271fb,1788.84,16099.60,1,0.015540784623661076,0.151875456232570816,0.072546020260212049,10,0.725460202602120519,0.725460202602120519
0xbeed9a1a750945966cfc8800abd4cf7eecd22500,4306.53,12919.60,1,0.038439541335125914,0.065627994291945754,0.047823923534838733,4,0.191295694139354933,0.191295694139354933
0xfa731901355d13185b72f9fe41ff00116e9a5ef8,0.00,0.00,1,0.082924151740277854,0.082924151740277854,0.082924151740277854,1,0.082924151740277854,0.082924151740277854
0x992a7a7d9267d114959dd0c9d072d965c4f54419,0.00,0.00,1,0.059947244460484779,0.059947244460484779,0.059947244460484779,1,0.059947244460484779,0.059947244460484779
0x7a2b06e9517257b7ba8689138b54b01585757515,10361.00,10361.00,1,0.033713247516511891,0.280981745995048326,0.157347496755780109,2,0.314694993511560217,0.314694993511560217
0x79b16190511314b443754cb3760ad54f5d442429,7965.20,15930.40,1,0.019449061110050406,0.253378877451680307,0.141613523166889549,3,0.424840569500668619,0.424840569500668619
0xfdaac12a3e7205c5fa007d96d9a5bce625b5fd52,0.00,0.00,1,0.040343752604757824,0.040343752604757824,0.040343752604757824,1,0.040343752604757824,0.040343752604757824
0x72fddc41ca177551ce5949c75a92b945efa04141,4331.75,17327.00,1,0.056897560155155985,0.544127505749373630,0.323604341806117635,5,1.618021709030588173,1.618021709030588173
0x61929b75817a18a2fbc3facda78ae8c8d7834ecf,0.00,0.00,1,0.076593118486714129,0.076593118486714129,0.076593118486714129,1,0.076593118486714129,0.076593118486714129
0x2147d1156c28e7c6268e887c5fdc2360ca078fbd,2032.45,16259.60,1,0.020611187801038475,3.763731352593918444,0.825611769738407109,9,7.430505927645664421,7.430505927645664421
0x87b3f3c934a13c779e100a5d6e6d7ef577e86671,2699.67,16198.00,1,0.044827583521541946,0.234261112063453236,0.112262199399437115,7,0.785835395796059766,0.785835395796059766
0x73d1ecca90a16f27691c63ecad7d5119f0bc743a,3121.27,9363.80,1,0.049406491586464783,0.218505238327765194,0.103800889203653393,4,0.415203556814613572,0.415203556814613572
0x31766fd56f4e8b83f67332fe12f8b27bb0ef3888,4844.13,14532.40,1,0.028871831229380505,0.139362495816352711,0.075509276956143054,4,0.302037107824572215,0.302037107824572215
0x3bef77233e52d23969958587127d99ec2367c2bd,1898.23,13287.60,1,0.024779348757984022,0.142857530300535385,0.078089632392309566,8,0.624717059138476527,0.624717059138476527
0xef3d8e994dac0f6133ebff57d28234e2a87746af,0.00,0.00,1,0.075421218050910621,0.075421218050910621,0.075421218050910621,1,0.075421218050910621,0.075421218050910621
0xb73b4941c872d75c61e9986aef51f8def14c6c63,0.00,0.00,1,0.144102896645467105,0.144102896645467105,0.144102896645467105,1,0.144102896645467105,0.144102896645467105
0x3f06b01d63612493fe4c5cacbf13a9857a9930cd,0.00,0.00,1,0.041551335624777225,0.041551335624777225,0.041551335624777225,1,0.041551335624777225,0.041551335624777225
0x56c0507e22f214682a2beb7e4f959155d802c525,3835.50,15342.00,1,0.035640877386508375,0.243037389735199366,0.100014717947633947,5,0.500073589738169733,0.500073589738169733
0x30517ccabc9f7e02a8821726f66a57193eed23c7,0.00,0.00,1,0.117120721821478688,0.117120721821478688,0.117120721821478688,1,0.117120721821478688,0.117120721821478688
0x381a6dca782a1e4cd0d3e9a6385ae513c6525b6c,2157.40,15101.80,1,0.023250101406144440,0.077783994440546733,0.048821433629990363,8,0.390571469039922903,0.390571469039922903
0x760343f9b08eee749d35b7a4dc83c4f8360d0115,7772.40,7772.40,1,0.038699222300501032,2.221874572807201798,1.130286897553851366,2,2.260573795107702733,2.260573795107702733
0x1f1f5d762dd1cf3d52e60718ea3a990e102aa24b,6828.20,6828.20,1,0.055636282974673941,0.058569842953243377,0.057103062963958659,2,0.114206125927917318,0.114206125927917318
0x2f04fff1bd3846c3d2c86fed5b77fae269e2b9a2,0.00,0.00,1,0.109951789233611014,0.109951789233611014,0.109951789233611014,1,0.109951789233611014,0.109951789233611014
0xf39d15cb3910d5e33fb1a2e42d4a2da153ba076b,2552.40,15314.40,1,0.049751448396932504,0.824631781285336651,0.213232504910457477,7,1.492627534373202280,1.492627534373202280
0x976868c1de3b3ef448ec5e20e6a8470508b9467d,2628.67,15772.00,1,0.021717580894073742,1.163079077131044636,0.262865536563163971,7,1.840058755942147961,1.840058755942147961
0xee2662a6fb93e12a11e3030924734f7816b6a3b3,0.00,0.00,1,0.834612694846384673,0.834612694846384673,0.834612694846384673,1,0.834612694846384673,0.834612694846384673
0xd10f191f265352ea9f0cb29da7c86aeaa8eb3028,0.00,0.00,1,0.253911512106546111,0.253911512106546111,0.253911512106546111,1,0.253911512106546111,0.253911512106546111
0xfacaa8ca04d6c30768ea2637e1fce920a0f42ebd,0.00,0.00,1,0.278203378507446419,0.278203378507446419,0.278203378507446419,1,0.278203378507446419,0.278203378507446419
0xbd20bf061b02c28e5967b5a55b374d30d503b1b3,0.00,0.00,1,0.134430666760415429,0.134430666760415429,0.134430666760415429,1,0.134430666760415429,0.134430666760415429
0xb4b2c32002fae1261308823e8c311193eaee626b,0.00,0.00,1,0.496119498903050238,0.496119498903050238,0.496119498903050238,1,0.496119498903050238,0.496119498903050238
0x1704b95f24391e005d4540289826220632dc493f,0.00,0.00,1,2.285636364749229710,2.285636364749229710,2.285636364749229710,1,2.285636364749229710,2.285636364749229710
0x6e94a05021d369ff5de639dca57a7d33d1d7e446,3600.95,14403.80,1,0.026566971091464837,4.141838337816112769,0.922012173901192611,5,4.610060869505963055,4.610060869505963055
0x71ac96c8c43110e68fb2155a9a0b76e549fe11e1,13652.40,13652.40,1,0.038632295345358302,0.117013895941183485,0.077823095643270890,2,0.155646191286541780,0.155646191286541780
0x89441e2799e30c716bea97d60c803bf3deb01197,0.00,0.00,1,0.094866681460875221,0.094866681460875221,0.094866681460875221,1,0.094866681460875221,0.094866681460875221
0xac10c4b7724d5648438f55d4b32f46e08b2f3fd8,0.00,0.00,1,0.071905691167633526,0.071905691167633526,0.071905691167633526,1,0.071905691167633526,0.071905691167633526
0x06a8a27b025f4a6a9cf7f3c777d4ad7e9466b2e7,0.00,0.00,1,0.166487060221552130,0.166487060221552130,0.166487060221552130,1,0.166487060221552130,0.166487060221552130
0xde41501a3da3e3b086fd7ef6242af17013cd2cfd,11551.60,11551.60,1,0.049187057170254782,0.049643717269696686,0.049415387219975737,2,0.098830774439951474,0.098830774439951474
0xcc7244296cfef1728118ef36dc9ecc2ecc784a73,0.00,0.00,1,0.064218901140963860,0.064218901140963860,0.064218901140963860,1,0.064218901140963860,0.064218901140963860
0x801c3cf25d7c06204d7c24357f2b6a49b66f1003,1795.63,12569.40,1,0.044881264165346713,0.855162102188596451,0.258765715436028942,8,2.070125723488231539,2.070125723488231539
0x2c21d49797571bc943ed26a9a9f41be1d68c7f29,0.00,0.00,1,0.147120849194880055,0.147120849194880055,0.147120849194880055,1,0.147120849194880055,0.147120849194880055
0x6a959570be789309b2f92c6cdc5a59c2c4b91083,4170.70,8341.40,1,0.024438556957724924,0.173082370030865157,0.088064590967003045,3,0.264193772901009150,0.264193772901009150
0xaabc21311f473d75ffe5118cbc10901b5b6919f7,0.00,0.00,1,0.048212952239848159,0.048212952239848159,0.048212952239848159,1,0.048212952239848159,0.048212952239848159
0x217563965732e6eaedab0a8c3b421f1685167b49,13844.80,13844.80,1,0.059872024361170409,0.066354468476823344,0.063113246418996877,2,0.126226492837993753,0.126226492837993753
0x516ecbc47f81a03c6b487ae4ecbc0e6b102106a9,11393.60,11393.60,1,0.026525782707476617,0.252857009854388692,0.139691396280932661,2,0.279382792561865323,0.279382792561865323
0x58cb0d9d6fa1ebd9b4076a59e7d0471322f7bbb3,1328.48,13284.80,1,0.032745525028569769,0.715332164292025396,0.190903080892077276,11,2.099933889812850119,2.099933889812850119
0x70cc3de72b4b51b92843ae13fb9583306204afa8,0.00,0.00,1,0.059543767067234021,0.059543767067234021,0.059543767067234021,1,0.059543767067234021,0.059543767067234021
0xb364e75b1189dcbbf7f0c856456c1ba8e4d6481b,1233.40,13567.40,1,0.018699551647580869,0.158879970024816325,0.067818723372015027,12,0.813824680464180328,0.813824680464180328
0xf4d1645dd1a8a44a3dd197cba2626161b01163c5,906.95,13604.20,1,0.021876286971212768,0.148535648875949083,0.070080994749377401,16,1.121295915990038417,1.121295915990038417
0x6507bf12289e4f5b0c1040071e8cdc9794a53f9e,5601.80,5601.80,1,0.076060315298659906,0.213420821828920776,0.144740568563790334,2,0.289481137127580668,0.289481137127580668
0x0038598ecb3b308ebc6c6e2c635bacaa3c5298a3,1638.80,13110.40,1,0.041920603875587735,0.137921059697928727,0.089319329388781676,9,0.803873964499035032,0.803873964499035032
0x114e2a54d538430b91e6072c36259f4ac2aee56e,0.00,0.00,1,0.183582553489704620,0.183582553489704620,0.183582553489704620,1,0.183582553489704620,0.183582553489704620
0x01485ef10715f5b96beffa5552b0642e32c9aef6,4192.80,4192.80,1,0.050047756844839635,0.078513891501469188,0.064280824173154408,2,0.128561648346308816,0.128561648346308816
0x53dd4522b0d53596b2733c622a4ae22f7de8e621,0.00,0.00,1,0.191797598891127630,0.191797598891127630,0.191797598891127630,1,0.191797598891127630,0.191797598891127630
0x18aa0c0308ca0b4eb4e2f5718da4e948950ee7e9,4549.80,4549.80,1,0.035794709517144377,0.067380287821792437,0.051587498669468407,2,0.103174997338936814,0.103174997338936814
0x5e88f6863c00fb3b83f086fed635f662918d1460,4313.93,12941.80,1,0.055972741600307838,0.130168668965903539,0.088867857994516866,4,0.355471431978067465,0.355471431978067465
0xfe647d1cbe1ae42bf919ce2805dbecf8809516ef,9268.00,9268.00,1,0.034434706371621410,0.046572034786907510,0.040503370579264460,2,0.081006741158528919,0.081006741158528919
0x9a7e7428b61048947f37a68d32cdd9b8486e7550,2534.64,12673.20,1,0.047666381434074936,0.699730419287624361,0.181289061288867320,6,1.087734367733203866,1.087734367733203866
0x9a55e599feeef2dd1498bcce49289e5d4c2ee50f,0.00,0.00,1,0.257451022528080053,0.257451022528080053,0.257451022528080053,1,0.257451022528080053,0.257451022528080053
0x087b027b0573d4f01345ef8d081e0e7d3b378d14,1077.15,11848.60,1,0.025291547167318587,0.171968060110413545,0.082825659511570782,12,0.993907914138849380,0.993907914138849380
0x1e6483b4ef62a6c4bbfab0e626b18e2867d6746a,0.00,0.00,1,0.129166320908203403,0.129166320908203403,0.129166320908203403,1,0.129166320908203403,0.129166320908203403
0xd2b351f5cbace61884cba38668a64df086864163,0.00,0.00,1,0.141774182589997910,0.141774182589997910,0.141774182589997910,1,0.141774182589997910,0.141774182589997910
0x019845681203bf9cc24276e995887edf74612f98,0.00,0.00,1,1.540685378618497525,1.540685378618497525,1.540685378618497525,1,1.540685378618497525,1.540685378618497525
0xd33a7005d597ff37306769a97d896fe3bf9e3e41,0.00,0.00,1,0.037762794627564003,0.037762794627564003,0.037762794627564003,1,0.037762794627564003,0.037762794627564003
0xf4c9b03e85500b3f510eb18c6a7fb2ae56cc4c46,0.00,0.00,1,0.081075603980723554,0.081075603980723554,0.081075603980723554,1,0.081075603980723554,0.081075603980723554
0xeab16345065eb50285fd57aa9c06aed33b478400,0.00,0.00,1,0.120545842739121223,0.120545842739121223,0.120545842739121223,1,0.120545842739121223,0.120545842739121223
0xefb8856162d116dbf556f9a06527c878bf5afe17,2423.40,2423.40,1,0.119593410267343409,0.212187104104857693,0.165890257186100565,2,0.331780514372201130,0.331780514372201130
0xbe691ba3c196b8179ed6c607785b81c751759386,7660.20,7660.20,1,0.059508705368112355,0.091161159521400303,0.075334932444756336,2,0.150669864889512672,0.150669864889512672
0x8f2e19ae9a610854bf2cc588639e230e0599683f,2554.30,10217.20,1,0.019272360049602127,0.179621375899920138,0.109016439104806545,5,0.545082195524032698,0.545082195524032698
0x3f84008dc4f8f4fb704d887d7c4f6fe057545ac3,0.00,0.00,1,0.185083229986058695,0.185083229986058695,0.185083229986058695,1,0.185083229986058695,0.185083229986058695
0x99e49c6c91640c1b217ae6006fcd8898122b4bfb,1637.17,9823.00,1,0.034317442605821681,0.144619856994964630,0.076242118999589964,7,0.533694832997129720,0.533694832997129720
0x11a8961fbd55e67fe4ab99c7ca47616dcf3d0010,0.00,0.00,1,0.045135505015534857,0.045135505015534857,0.045135505015534857,1,0.045135505015534857,0.045135505015534857
0x922f65030261dd8402db30c0579f61b01a3e9624,2889.80,2889.80,1,0.024939803932883097,0.069617513616084439,0.047278658774483770,2,0.094557317548967540,0.094557317548967540
0x51784975a392a8f24d33f81e9d4bc7f7c6155c5f,0.00,0.00,1,0.118449811967823046,0.118449811967823046,0.118449811967823046,1,0.118449811967823046,0.118449811967823046
0xed33259a056f4fb449ffb7b7e2ecb43a9b5685bf,56.10,9705.40,1,0.012436640487221364,2.728486221283170199,0.115468304901225310,174,20.091485052813204959,20.091485052813204959
0x473173ada23be87a4740646b09f9c22d115ce5a0,154.80,154.80,1,0.074151759285246116,0.162344925734813211,0.118248342510029664,2,0.236496685020059327,0.236496685020059327
0x0af9a3a1eb903a6d9d7e48973e57ed3d123eac34,7114.80,7114.80,1,0.069036258286402571,0.091688910452132247,0.080362584369267409,2,0.160725168738534818,0.160725168738534818
0xe5cbdb890ec4b7ab46fa51cd6bdfc47d7a90813b,0.00,0.00,1,0.053560652141017330,0.053560652141017330,0.053560652141017330,1,0.053560652141017330,0.053560652141017330
0xeb8bc42eda3c62f288941a468d5cab9d294b772e,4238.00,8476.00,1,0.093165360519584406,0.243056780161405528,0.147123717655272185,3,0.441371152965816582,0.441371152965816582
0x00ecc96508d299fa8d228d569d8582980c1bc75e,3168.53,9505.60,1,0.082051511320912277,0.238871362081475913,0.193264037126172294,4,0.773056148504689178,0.773056148504689178
0xb7ab7c2236768182f2ec3616c3068441169bacae,0.00,0.00,1,0.678341165243395383,0.678341165243395383,0.678341165243395383,1,0.678341165243395383,0.678341165243395383
0x4bf43b0e4e827b83d57515d27ed6fd6b3f9ce6c8,0.00,0.00,1,2.112338702624904307,2.112338702624904307,2.112338702624904307,1,2.112338702624904307,2.112338702624904307
0x13b1e9948d67ce944ab7e3116c65d114f6264a4f,0.00,0.00,1,0.531359676846905105,0.531359676846905105,0.531359676846905105,1,0.531359676846905105,0.531359676846905105
0x06004b6cb15e645ff7e39321941d38be025af3a4,1839.20,5517.60,1,0.043473290198866830,0.443309621651437447,0.172424859781730389,4,0.689699439126921554,0.689699439126921554
0xbb3afde35eb9f5feb5377485a3bd18a3eb0fe248,421.71,9277.60,1,0.030052235775656629,3.182772113454455987,0.359775148491770280,23,8.274828415310716778,8.274828415310716778
0x04f42d7b12de8b4b3c5995d0ecfe50c2e62f8f26,572.40,572.40,1,0.062927992842250771,0.084023303763440582,0.073475648302845670,2,0.146951296605691339,0.146951296605691339
0x55dc84d342c16d811023709a92fb35557c1a75ab,2773.73,8321.20,1,0.035000642672815815,0.061393773393409505,0.048960986420631375,4,0.195843945682525500,0.195843945682525500
0xf17d119effa0dcbe24d3fa346860be851150358f,1123.92,8991.40,1,0.033158822171344922,0.173037286305771809,0.062832444460598033,9,0.565492000145382256,0.565492000145382256
0x4d373fd6aa7e50d9d4d63c1cc0e7958b490aec8e,3750.80,7501.60,1,0.053585565207280528,0.105032015723015459,0.070932592614388612,3,0.212797777843165836,0.212797777843165836
0xc78e788f74d226b22fd46b55e10ac58f96d4ad9b,0.00,0.00,1,0.488220858156142579,0.488220858156142579,0.488220858156142579,1,0.488220858156142579,0.488220858156142579
0x08c33b6cc319cff37f2429cebdcc98ad37fecbaf,4412.20,8824.40,1,0.081807026593068516,0.285556449973126458,0.185114574312290864,3,0.555343722936872619,0.555343722936872619
0x4d17676309cb16fa991e6ae43181d08203b781f8,633.60,8870.40,1,0.016563990768706065,0.499100325184409110,0.109388576935797122,15,1.640828654036956769,1.640828654036956769
0x6b60f904f6194f5473009dd47d54c4ca8e1e3809,0.00,0.00,1,0.208312765743117162,0.208312765743117162,0.208312765743117162,1,0.208312765743117162,0.208312765743117162
0xa0b319a07521c43c4961a1a76977a5ccd46c3122,586.26,9380.20,1,0.019347009479448250,0.322539257935909263,0.091852182631504423,17,1.561487104735575171,1.561487104735575171
0xbc3f349cb562ef987f5a6def2acd2e149ea41bf0,1183.40,1183.40,1,0.049127291076370101,0.264826490395412117,0.156976890735891106,2,0.313953781471782212,0.313953781471782212
0xcd080679f37875cec538cf3415da3c305aabf24c,853.45,9388.00,1,0.034351772189603016,0.356402636288236818,0.115605384937960340,12,1.387264619255524023,1.387264619255524023
0xa9d520ac5e1b0f29501a043540cf4a5b7d750b10,0.00,0.00,1,0.111585123247192844,0.111585123247192844,0.111585123247192844,1,0.111585123247192844,0.111585123247192844
0x8593eb96ff01488a0cdc74ace1f12f18c60781f7,1356.76,6783.80,1,0.046015969117024075,0.093137390197860978,0.071891765240695626,6,0.431350591444173759,0.431350591444173759
0xd60ee90efa4f29b3226a17e5720029c2c977f795,3002.40,3002.40,1,0.058137488590972355,0.095625496348006378,0.076881492469489360,2,0.153762984938978720,0.153762984938978720
0xfb1ed50f2f2ef7f2a192e46212a1ac5d39a48e1a,0.00,0.00,1,0.149914510405746521,0.149914510405746521,0.149914510405746521,1,0.149914510405746521,0.149914510405746521
0x6ad39621e756e2dfd0e8e776746278d39752f8bc,0.00,0.00,1,0.067361675908359314,0.067361675908359314,0.067361675908359314,1,0.067361675908359314,0.067361675908359314
0x328973ce1433d7593191271f75a428af55c6527e,2989.80,2989.80,1,0.024547318343672943,0.078324486428221235,0.051435902385947085,2,0.102871804771894171,0.102871804771894171
0x765bb86b4465240d475ae1e9607bde8538d1bb53,1733.84,8669.20,1,0.023191412318081615,0.114452439953385124,0.057022862711535588,6,0.342137176269213528,0.342137176269213528
0x0a5c4a422ed78baec4c031e010ebcc36d5f15ee9,0.00,0.00,1,0.154768467012860844,0.154768467012860844,0.154768467012860844,1,0.154768467012860844,0.154768467012860844
0xf56eb8280970451b109f823963008f033eaa1ca2,0.00,0.00,1,0.049354577563333862,0.049354577563333862,0.049354577563333862,1,0.049354577563333862,0.049354577563333862
0x7421df67c10164d861442ae05326b23d6f4ea445,686.40,686.40,1,0.036277256984960600,0.144420126384998626,0.090348691684979610,2,0.180697383369959219,0.180697383369959219
0xfe31320faf8da1492eadf8deb79bd264d7cf2141,9104.80,9104.80,1,0.111714627079288156,0.161013666440210312,0.136364146759749227,2,0.272728293519498455,0.272728293519498455
0x0b83f46f3abd6cc2e18ef6bbb248d9dc75ebcb4d,0.00,0.00,1,0.068552937609107356,0.068552937609107356,0.068552937609107356,1,0.068552937609107356,0.068552937609107356
0xbecd74ea601c47d0a0e0ba941c6d762e618e2cb5,0.00,0.00,1,0.051604519730399312,0.051604519730399312,0.051604519730399312,1,0.051604519730399312,0.051604519730399312
0xb55b27cca633a73108893985350bc26b8a00c43a,1868.40,1868.40,1,0.049387830447302827,0.052823458126233222,0.051105644286768025,2,0.102211288573536049,0.102211288573536049
0x9326592cb55ab157ec67f48885f5e44b2fdb2b3e,0.00,0.00,1,0.284220626272640664,0.284220626272640664,0.284220626272640664,1,0.284220626272640664,0.284220626272640664
0x87d92cb7d006f82ea05c70d20b2fcce501a8c1b0,0.00,0.00,1,0.043087276658183939,0.043087276658183939,0.043087276658183939,1,0.043087276658183939,0.043087276658183939
0x39df464cb50ace9a7dc4dee15e632ed0697273a8,0.00,0.00,1,0.046148936118461714,0.046148936118461714,0.046148936118461714,1,0.046148936118461714,0.046148936118461714
0x76eda9decedb0eafaf2d300d240678489751b0db,6373.00,6373.00,1,0.024733311563374816,0.158497074700654689,0.091615193132014758,2,0.183230386264029516,0.183230386264029516
0xc42f80913b33ba0b6002f3b5b8ad335ed9a137e3,1210.17,8471.20,1,0.021060613315169421,0.211315916935915588,0.075934453436140623,8,0.607475627489124981,0.607475627489124981
0x8697396721ffbbb8f98fc4e0051ba2ce101904fe,4346.80,8693.60,1,0.027382485917887302,0.082681418774089147,0.057341104153233506,3,0.172023312459700511,0.172023312459700511
0xb4df904be13a1f0f48ebe358d1d8b6c01b3f1a3f,7026.60,7026.60,1,0.068327783798195610,0.314330383474591468,0.191329083636393532,2,0.382658167272787064,0.382658167272787064
0x520260ff5ba6e96c1315a939cf846eb8f1ec0bcb,0.00,0.00,1,0.067147971644737223,0.067147971644737223,0.067147971644737223,1,0.067147971644737223,0.067147971644737223
0xddaafe47348360b200284c4fc62174f5e5be229c,1246.00,1246.00,1,0.051901073205797378,0.079074023380653599,0.065487548293225492,2,0.130975096586450984,0.130975096586450984
0x70eb4005510c109d71b30056e710b6c7450fa6ad,3631.10,7262.20,1,0.025805659210771069,0.057632231426982101,0.039827441407302371,3,0.119482324221907105,0.119482324221907105
0x39b518695d90cc20f131bbbe9d320e7529501bd4,0.00,0.00,1,0.013952336161397110,0.013952336161397110,0.013952336161397110,1,0.013952336161397110,0.013952336161397110
0x0206c3418b0504b8413f61ec5af57d3cac814e21,5455.80,5455.80,1,0.039772051240156307,0.062965404487050458,0.051368727863603386,2,0.102737455727206772,0.102737455727206772
0x951ef9b24176682d0968cfb112aa004994e27f0c,0.00,0.00,1,0.060720161170413747,0.060720161170413747,0.060720161170413747,1,0.060720161170413747,0.060720161170413747
0xedc7ec654e305a38ffff3cc3fcb2bd0e7341d64a,382.90,8423.80,1,0.024618449608546630,0.215562622670661952,0.092345306180080938,23,2.123942042141861553,2.123942042141861553
0xdf40b417a673e6f97ccc2d01018cd1c9b3ba9192,0.00,0.00,1,0.039940012270611662,0.039940012270611662,0.039940012270611662,1,0.039940012270611662,0.039940012270611662
0xb5230ebe5b1a9299a5c44f459ed2e8eb7496f581,2203.00,2203.00,1,0.049452790902649695,0.195915959068874240,0.122684374985761971,2,0.245368749971523942,0.245368749971523942
0xee2826453a4fd5afeb7ceffeef3ffa2320081268,3814.70,7629.40,1,0.031760502127555330,0.219129446332446687,0.105804626724115280,3,0.317413880172345841,0.317413880172345841
0x4a8ac9badfcc384d8bd1640f3fa1b6f549de38c1,2396.87,7190.60,1,0.029181749801809605,0.206206786177668105,0.082260539366079508,4,0.329042157464318030,0.329042157464318030
0x61fb00fe7195b95ae31deaae6ee38ed2c1f2e9ff,1855.20,1855.20,1,0.053672884681805054,0.111645420306609761,0.082659152494207411,2,0.165318304988414821,0.165318304988414821
0x7f396ef9f10c7beb11d01f2ea4a99a5787993474,2594.60,5189.20,1,0.035996765685638546,0.074145697838295610,0.056963458407955171,3,0.170890375223865520,0.170890375223865520
0x50b73ca100ab7952993255dcb69d80209c8051c5,882.67,7944.00,1,0.028195752522130767,1.282223750096385340,0.196880351680506133,10,1.968803516805061271,1.968803516805061271
0xabdf6c3d95e38b48a6112ccdb35989e9c239587e,0.00,0.00,1,0.028096243279534281,0.028096243279534281,0.028096243279534281,1,0.028096243279534281,0.028096243279534281
0x2112bb05f70898cd022c5a1452a78a1bf79df5d8,2717.20,8151.60,1,0.023139061624653862,1.056648787327016503,0.290861914711392888,4,1.163447658845571553,1.163447658845571553
0x033ac7a6415fbb3ab100e6c342ee1a8a0702145e,0.00,0.00,1,0.036905875216733323,0.036905875216733323,0.036905875216733323,1,0.036905875216733323,0.036905875216733323
0x9c83e16aecc28521ea6a6b25dded1b043eee96db,0.00,0.00,1,0.031226698991212817,0.031226698991212817,0.031226698991212817,1,0.031226698991212817,0.031226698991212817
0x95c5e81a1684f73df486ca9d601c0118e4a59c48,3165.40,6330.80,1,0.065162813174455492,0.163945970025632715,0.125954330368522577,3,0.377862991105567758,0.377862991105567758
0x062337b43926947962d33c89a980ffb839d33dec,0.00,0.00,1,0.046077127197986782,0.046077127197986782,0.046077127197986782,1,0.046077127197986782,0.046077127197986782
0x4d8a40d1838f20b87b6a00a54721fd83eb2ddd3a,0.00,0.00,1,0.022326779194597933,0.022326779194597933,0.022326779194597933,1,0.022326779194597933,0.022326779194597933
0x13ad787d1f74302c6301ccf725b8688599b06da0,599.26,8389.60,1,0.011074513127710253,0.517503105436828870,0.118894768007364621,15,1.783421520110469283,1.783421520110469283
0x037ddbadb05c024da4f2611a3d453ecfd0b5249f,0.00,0.00,1,0.036000622139058885,0.036000622139058885,0.036000622139058885,1,0.036000622139058885,0.036000622139058885
0x913674a2840019dfe8dacc219de0804b2623bb48,0.00,0.00,1,0.026101911695325008,0.026101911695325008,0.026101911695325008,1,0.026101911695325008,0.026101911695325008
0x064eb879d95eb6785de34e2758949609b1d870cb,934.98,8414.80,1,0.028465784370017094,0.601230982613076392,0.178383688833781362,10,1.783836888337813731,1.783836888337813731
0xb8bbf621b1cc4af2bd6d28b6d9b22284bd113bda,0.00,0.00,1,0.128289375633395347,0.128289375633395347,0.128289375633395347,1,0.128289375633395347,0.128289375633395347
0xa1bb4c2496a4936ac0e9a6a0579be8e9bccaa4d9,2337.13,7011.40,1,0.063450044669888822,0.692704128142527020,0.236994432271885630,4,0.947977729087542520,0.947977729087542520
0xc0fd67ef6b02b9d79a36da4af5c1e7603ad6e1d0,1914.95,7659.80,1,0.072648583176615877,0.593716523482601177,0.246336572977102236,5,1.231682864885511153,1.231682864885511153
0x29f94b27fe0b410e4546b6021e4044ff985dc252,0.00,0.00,1,0.043194972711593421,0.043194972711593421,0.043194972711593421,1,0.043194972711593421,0.043194972711593421
0x365b6abe570328d6ae20e13e3f0ecc2be0a0543a,0.00,0.00,1,0.051559046974169249,0.051559046974169249,0.051559046974169249,1,0.051559046974169249,0.051559046974169249
0xad50bed2786fb672ef7f41e8e97889318e054cbc,0.00,0.00,1,0.080949579914623870,0.080949579914623870,0.080949579914623870,1,0.080949579914623870,0.080949579914623870
0x562ab7dca86f8947f5b066a663d83452954a71a2,1468.80,1468.80,1,0.078644944090667343,0.171090770609645754,0.124867857350156541,2,0.249735714700313083,0.249735714700313083
0xfcba7d7e3745544da956120dc9a04dcbc1a1e3e3,0.00,0.00,1,0.103070475876599899,0.103070475876599899,0.103070475876599899,1,0.103070475876599899,0.103070475876599899
0xb064a866598c099193f0eb87af4f64bc1465bf3e,1461.80,2923.60,1,0.038576803857198014,0.061237447491759439,0.051528345898409829,3,0.154585037695229494,0.154585037695229494
0xd83da1d73cfa6759fd1fbf185c9b0b7a19866759,0.00,0.00,1,0.070828211104024610,0.070828211104024610,0.070828211104024610,1,0.070828211104024610,0.070828211104024610
0x707ac73ba3d699f235a933a11e81eaaa299cf941,7466.40,7466.40,1,0.030731378836038718,0.165081105455901267,0.097906242145969991,2,0.195812484291939981,0.195812484291939981
0x5a18cd87482cd5c2eb9d77544f7cb01a2b881c92,0.00,0.00,1,0.041798393762231281,0.041798393762231281,0.041798393762231281,1,0.041798393762231281,0.041798393762231281
0xfeec4aa08ec708ba89910221f6d2531ed8c9c452,0.00,0.00,1,0.270268885651495150,0.270268885651495150,0.270268885651495150,1,0.270268885651495150,0.270268885651495150
0x6106286527072c05d61d6d4520bf86f4af2f4760,0.00,0.00,1,0.098475424107941287,0.098475424107941287,0.098475424107941287,1,0.098475424107941287,0.098475424107941287
0x77e038c29b47bb4315f59c6074e9b76ab7291d3c,0.00,0.00,1,0.070422272127992264,0.070422272127992264,0.070422272127992264,1,0.070422272127992264,0.070422272127992264
0x7142ef89106a38968a40d2a255a303b02066ede5,5771.00,5771.00,1,0.085212313824791178,0.180118702880934234,0.132665508352862699,2,0.265331016705725398,0.265331016705725398
0x7cc4ca754afce7d1c5e4d3ef3f684e818e85d004,0.00,0.00,1,0.054437998795870850,0.054437998795870850,0.054437998795870850,1,0.054437998795870850,0.054437998795870850
0xa34e06927bc41a9305be73d0779b4f38b7a1adb3,2889.60,2889.60,1,0.041786523454053072,0.099179959506700485,0.070483241480376782,2,0.140966482960753564,0.140966482960753564
0x029b4b31967ce1d1814ddff5a8a55c6a8eff7a70,0.00,0.00,1,0.121090209470177887,0.121090209470177887,0.121090209470177887,1,0.121090209470177887,0.121090209470177887
0x25914e5381678fdb960c7d37e5d9948507e51fd7,1618.13,4854.40,1,0.031659804482269099,0.158562320461336281,0.071112501501096381,4,0.284450006004385525,0.284450006004385525
0xb97a07896c93511bef79142956c6262dd2943ca4,0.00,0.00,1,0.106713676023377294,0.106713676023377294,0.106713676023377294,1,0.106713676023377294,0.106713676023377294
0x979c249520d7e2e7e79be9bece7653b9c011a3a9,0.00,0.00,1,0.063134263408322927,0.063134263408322927,0.063134263408322927,1,0.063134263408322927,0.063134263408322927
0xb59e3b7d35c7e28df05d5c0029730e94db6f56ef,0.00,0.00,1,0.143749648488313897,0.143749648488313897,0.143749648488313897,1,0.143749648488313897,0.143749648488313897
0x44c15bf4c493423560933288c8776f72dd1f4536,0.00,0.00,1,0.125793721228405347,0.125793721228405347,0.125793721228405347,1,0.125793721228405347,0.125793721228405347
0xb19c1f85e9f939f98935fb0877a95b32e7306e60,0.00,0.00,1,0.078617044600618843,0.078617044600618843,0.078617044600618843,1,0.078617044600618843,0.078617044600618843
0xcaf1621acddfa2494c0f96c062866198d868357c,0.00,0.00,1,0.055988638672611571,0.055988638672611571,0.055988638672611571,1,0.055988638672611571,0.055988638672611571
0xa16946a605ddb755d3a5774b6124f97fed1bd1e3,6859.20,6859.20,1,0.059858775698841918,0.229144062691436584,0.144501419195139258,2,0.289002838390278516,0.289002838390278516
0xfd8210749177ccf03d2b1f4c2d591fdc57dbac16,0.00,0.00,1,0.019286758427893225,0.019286758427893225,0.019286758427893225,1,0.019286758427893225,0.019286758427893225
0x1601fcb285dd48f81441db642249c77fc7f762c1,0.00,0.00,1,0.067809189839016945,0.067809189839016945,0.067809189839016945,1,0.067809189839016945,0.067809189839016945
0x923a55378c22edf784ba784eb253b6030dd7cc4a,0.00,0.00,1,0.048929998725750691,0.048929998725750691,0.048929998725750691,1,0.048929998725750691,0.048929998725750691
0xa88efe23b35dd762377e067d561278b394098f9f,0.00,0.00,1,0.040136995740825451,0.040136995740825451,0.040136995740825451,1,0.040136995740825451,0.040136995740825451
0x001644c6c272fdf1926048ebe61c4b7074d90fde,0.00,0.00,1,0.068583320394839720,0.068583320394839720,0.068583320394839720,1,0.068583320394839720,0.068583320394839720
0xe1cf1babd7a6271328948ca6e9458ccc41af8895,0.00,0.00,1,0.061710879922648912,0.061710879922648912,0.061710879922648912,1,0.061710879922648912,0.061710879922648912
0x3eee221d721307be9871e4f5316c7b2377dccbe5,0.00,0.00,1,0.047209427108604297,0.047209427108604297,0.047209427108604297,1,0.047209427108604297,0.047209427108604297
0x89c63fec4584da1af8fb96b17545dff95f3b2668,0.00,0.00,1,0.029182043484306613,0.029182043484306613,0.029182043484306613,1,0.029182043484306613,0.029182043484306613
0xf09cff10d85e70d5aa94c85ebbebd288756efed5,1596.10,3192.20,1,0.019908059340783952,0.026901428978702562,0.022895872114067243,3,0.068687616342201732,0.068687616342201732
0x82d9730e487dccd1106ebd9ffa5f1200950e7002,858.38,6867.00,1,0.029090574720251956,0.710194410587696723,0.172303493917098455,9,1.550731445253886065,1.550731445253886065
0xbdb7420854475b09c08f2d49386f4602de2698df,0.00,0.00,1,0.083648548313395465,0.083648548313395465,0.083648548313395465,1,0.083648548313395465,0.083648548313395465
0xa0ea8ef228e30305acaff6d0ff270401607c887d,0.00,0.00,1,0.051694633224499416,0.051694633224499416,0.051694633224499416,1,0.051694633224499416,0.051694633224499416
0xbffecdcd5033362f6d14ee76fadefd6deaa8cd3c,1619.80,6479.20,1,0.027987004929358315,0.351598948594079141,0.103857295369722769,5,0.519286476848613843,0.519286476848613843
0x3976ac8f0afd5450f578d6af4f2ad57db8c2db3a,0.00,0.00,1,0.061137081160729072,0.061137081160729072,0.061137081160729072,1,0.061137081160729072,0.061137081160729072
0x64f8a8a902003da2437714f8f0f951d6cf49430e,2989.60,2989.60,1,0.026426564879404871,0.108274595643240074,0.067350580261322471,2,0.134701160522644942,0.134701160522644942
0xa565799c5658cb4c339e6b6b028d9c60a3d8224c,822.80,822.80,1,0.043162344651403041,0.062092265714556248,0.052627305182979645,2,0.105254610365959289,0.105254610365959289
0x82edf177dcdf3f23fe57c3edf9c327249e5f0938,0.00,0.00,1,0.443102074326768014,0.443102074326768014,0.443102074326768014,1,0.443102074326768014,0.443102074326768014
0xcfe9b68b920fa6165233e9254dbd120a118a4345,2202.20,6606.60,1,0.025762721430610824,1.451903596815254271,0.392094453018471623,4,1.568377812073886490,1.568377812073886490
0x1f2c3c5e2fad0dc34ac2225ed0993b900a5dcbea,0.00,0.00,1,0.034725596482431662,0.034725596482431662,0.034725596482431662,1,0.034725596482431662,0.034725596482431662
0x0041816e5a428f0cf884b3e280525f43b31328b9,0.00,0.00,1,0.132122206156972621,0.132122206156972621,0.132122206156972621,1,0.132122206156972621,0.132122206156972621
0x7eeb42aad4945a0d28beb24d57260a2ea6f3a981,4543.80,4543.80,1,0.050946553390693872,0.178491948176088738,0.114719250783391305,2,0.229438501566782610,0.229438501566782610
0x25a92c37c699e057cda354619faae6c9ac0d079e,1821.20,1821.20,1,0.064260884214037306,0.065950240190492074,0.065105562202264683,2,0.130211124404529366,0.130211124404529366
0x4853b6d49590fd2df16d2c3f0cd68bf343c35f6b,0.00,0.00,1,0.138426230481156293,0.138426230481156293,0.138426230481156293,1,0.138426230481156293,0.138426230481156293
0x5d5ea479755031579387f4cf070c6b6c8c781ab4,0.00,0.00,1,3.090384661530696686,3.090384661530696686,3.090384661530696686,1,3.090384661530696686,3.090384661530696686
0xf255161af38f9ff3596261d91716a55c5345c62b,3277.90,6555.80,1,0.056093426307196631,0.089365316415288304,0.070556083503353476,3,0.211668250510060441,0.211668250510060441
0x71977237f9c24be1546b719513ef7b7a5ce309ad,0.00,0.00,1,0.073974300049661199,0.073974300049661199,0.073974300049661199,1,0.073974300049661199,0.073974300049661199
0x597e9023a9e71b2623dc5847249ec1ae9ede4848,0.00,0.00,1,0.256154893229090297,0.256154893229090297,0.256154893229090297,1,0.256154893229090297,0.256154893229090297
0x89dcbe15d44507ef7dc873f71daac94b43c1c669,2599.20,5198.40,1,0.021320478709679232,0.086659006825094781,0.047752982900829466,3,0.143258948702488398,0.143258948702488398
0xfbcb8155817f4d8802645c70e0e16dde80a06676,0.00,0.00,1,0.118244862881377102,0.118244862881377102,0.118244862881377102,1,0.118244862881377102,0.118244862881377102
0x0872a7aeaace45c8d35a03d5e6beec8901317130,0.00,0.00,1,0.184144433510880889,0.184144433510880889,0.184144433510880889,1,0.184144433510880889,0.184144433510880889
0xad42c62e9ca122dc26dbd04f5ac99f57a47856d2,0.00,0.00,1,0.052972951999793697,0.052972951999793697,0.052972951999793697,1,0.052972951999793697,0.052972951999793697
0x1a942de046a0d323f044eb4e73d4c77939f53e29,0.00,0.00,1,0.039383753758253079,0.039383753758253079,0.039383753758253079,1,0.039383753758253079,0.039383753758253079
0x1f83ada0a586bca0dd2dd764b943827bbe6fcb46,2541.10,5082.20,1,0.078039922172329204,0.105988150249499702,0.095873434981895087,3,0.287620304945685246,0.287620304945685246
0xdbfafea601714904dc84edc1469db4e9392d87d4,0.00,0.00,1,0.077479986698576531,0.077479986698576531,0.077479986698576531,1,0.077479986698576531,0.077479986698576531
0xf5b3dd53643aba786414ae0c3470feb8402fe84e,0.00,0.00,1,0.119746732585616800,0.119746732585616800,0.119746732585616800,1,0.119746732585616800,0.119746732585616800
0xca6c172dd79f057a26b2984afcf64c62a782805b,0.00,0.00,1,0.072725168463692161,0.072725168463692161,0.072725168463692161,1,0.072725168463692161,0.072725168463692161
0xdd167d8634c1dd5640f8f341bc3d7626f5d14746,0.00,0.00,1,0.041488754511623323,0.041488754511623323,0.041488754511623323,1,0.041488754511623323,0.041488754511623323
0xfac83603da6378a4fc1a085d59547acee106134d,0.00,0.00,1,0.037251860483949427,0.037251860483949427,0.037251860483949427,1,0.037251860483949427,0.037251860483949427
0xd0d2aba6b826429499c6cdd59157784c9537722a,1084.90,6509.40,1,0.027345075854442843,0.329819431291562437,0.125811257173031071,7,0.880678800211217472,0.880678800211217472
0x237dee529a47750becdfa8a59a1d766e3e7b5f91,1094.60,1094.60,1,0.046556463355947902,0.062629489047514780,0.054592976201731341,2,0.109185952403462683,0.109185952403462683
0xf9ef86f70730e742d7358daa4d8d1d8b6486af67,2802.10,5604.20,1,0.016124869750000281,0.758197577258390099,0.387978409359843346,3,1.163935228079530093,1.163935228079530093
0xde6bbb44106048bc069a1d7003d32922a72ad2b9,2162.27,6486.80,1,0.084408392276455010,0.255467826034204537,0.161621261721578535,4,0.646485046886314141,0.646485046886314141
0x0c6bd499ef02a44031ffe8336f59c82d81333f2a,4899.40,4899.40,1,0.031993723956141008,0.198412963011901117,0.115203343484021059,2,0.230406686968042118,0.230406686968042118
0x70c8f873f1ce98dbff2adcaa41c9b7239c440614,0.00,0.00,1,0.043495434491760757,0.043495434491760757,0.043495434491760757,1,0.043495434491760757,0.043495434491760757
0x25dfcfb061956c6f33b1ee032cc33837d0b83257,1665.20,4995.60,1,0.023643670254082632,0.073166986249050478,0.054469975744662807,4,0.217879902978651230,0.217879902978651230
0xde4376a76a071d1dd4a3669094e17ff28c17ee5e,0.00,0.00,1,0.836494721433004074,0.836494721433004074,0.836494721433004074,1,0.836494721433004074,0.836494721433004074
0x239393a9f23811ce37bb3b5175f280fbcd51ea6b,1073.00,3219.00,1,0.035667316856059915,0.141842943793529241,0.067872080706266130,4,0.271488322825064521,0.271488322825064521
0x047a1f69b0fb94be91f6bcc8efa8ab74e2951ca5,0.00,0.00,1,0.263130233398827906,0.263130233398827906,0.263130233398827906,1,0.263130233398827906,0.263130233398827906
0xe447d935db98c67e60e5b61167b4ac94bb1606e2,2181.60,2181.60,1,0.019331318535659330,0.037088076476540360,0.028209697506099845,2,0.056419395012199690,0.056419395012199690
0xe91267c0e352bcfa1984b62b09ec23baa8ddd30a,0.00,0.00,1,0.100697566322814555,0.100697566322814555,0.100697566322814555,1,0.100697566322814555,0.100697566322814555
0x9a213a77a52e571797b24b299485f698a8275a0a,0.00,0.00,1,0.064420721272606937,0.064420721272606937,0.064420721272606937,1,0.064420721272606937,0.064420721272606937
0x1175250b4cedca8509fe3d574930d7fbae5cdb2f,0.00,0.00,1,0.514910148223604258,0.514910148223604258,0.514910148223604258,1,0.514910148223604258,0.514910148223604258
0xdee2c8f3345104f6dd081657d180a9058be7ab05,2705.00,5410.00,1,0.071390955831992453,0.428853249529234148,0.241433251988422276,3,0.724299755965266856,0.724299755965266856
0x80a61b55bf566bd0de17d3a6e39815e1875d7cb9,0.00,0.00,1,0.040080616725016165,0.040080616725016165,0.040080616725016165,1,0.040080616725016165,0.040080616725016165
0x47fc890be8b1070c114bdff796915e4952fcf6a7,1512.33,4537.00,1,0.034370076649708037,0.171660762738799932,0.102296558060918585,4,0.409186232243674342,0.409186232243674342
0xa19a870506453ae86fce970815efe44f91cf3073,0.00,0.00,1,0.072218480352338202,0.072218480352338202,0.072218480352338202,1,0.072218480352338202,0.072218480352338202
0x80b2886b8ef418cce2564ad16ffec4bfbff13787,554.13,1662.40,1,0.018080554284211799,0.194058357545437155,0.075002383352609142,4,0.300009533410436569,0.300009533410436569
0xc3a40311c5356147546539d2eff751dc53903f6f,470.80,470.80,1,0.041079017371536623,0.064753278070371525,0.052916147720954071,2,0.105832295441908142,0.105832295441908142
0x2ffeafa423cfacf8bbb392c89548ce52b8f0ff35,4330.00,4330.00,1,0.078755996991233188,0.176087166366767467,0.127421581679000334,2,0.254843163358000668,0.254843163358000668
0x55a50f4ec0829a376a1a54b6e6d719ed6c705566,0.00,0.00,1,0.260205142653639310,0.260205142653639310,0.260205142653639310,1,0.260205142653639310,0.260205142653639310
0x43ede152628a9517bde1d0862ac765d63f0e23f3,0.00,0.00,1,0.121261613973303040,0.121261613973303040,0.121261613973303040,1,0.121261613973303040,0.121261613973303040
0x70845c6dabfa86876558f11f0270741d51eae845,5619.00,5619.00,1,0.060427282993121861,0.115623253708567436,0.088025268350844649,2,0.176050536701689297,0.176050536701689297
0x32aaa4b11e0480dd5da5489fa2f7e0b3737731a4,0.00,0.00,1,0.020419356562037711,0.020419356562037711,0.020419356562037711,1,0.020419356562037711,0.020419356562037711
0x8741fb04b7d8f5a01e0ec1d454602bc08bdb0c8c,2220.40,2220.40,1,0.040640128353690609,0.051023127915071673,0.045831628134381144,2,0.091663256268762289,0.091663256268762289
0xfc2138de16e262db40458f9a9f40ceddf01dd19c,0.00,0.00,1,0.066833560887353677,0.066833560887353677,0.066833560887353677,1,0.066833560887353677,0.066833560887353677
0x46011a733db68fdbaae0d44fb44b27c53dc8d787,0.00,0.00,1,0.053580363196309037,0.053580363196309037,0.053580363196309037,1,0.053580363196309037,0.053580363196309037
0xb317700662b61a5510850a0572d5a2932eb110e0,0.00,0.00,1,0.043164124864203679,0.043164124864203679,0.043164124864203679,1,0.043164124864203679,0.043164124864203679
0x2aab458dc5be38de41ed4f0d0f2ef0d4b0bbc930,0.00,0.00,1,0.076118828011498815,0.076118828011498815,0.076118828011498815,1,0.076118828011498815,0.076118828011498815
0x669d23f32eb82c199d2f1fc661b89d718e4d86b3,0.00,0.00,1,0.086061392984354029,0.086061392984354029,0.086061392984354029,1,0.086061392984354029,0.086061392984354029
0x8df04d551e3f7f5b03a67de79184bb919a97bbde,0.00,0.00,1,0.042322872260999241,0.042322872260999241,0.042322872260999241,1,0.042322872260999241,0.042322872260999241
0x11be9b4fb4e81cdfe2adf191c5945c4861272a8c,3677.20,3677.20,1,0.049033531489539289,0.070774550889605436,0.059904041189572363,2,0.119808082379144726,0.119808082379144726
0x58fb0d953f365c710ddf25626dab5162e5842e5d,0.00,0.00,1,0.027205989989190684,0.027205989989190684,0.027205989989190684,1,0.027205989989190684,0.027205989989190684
0x6776a598d80c38ec993b5fcb5d392f5185e4b4e0,4929.60,4929.60,1,0.045241275192831533,0.157119866614814668,0.101180570903823097,2,0.202361141807646194,0.202361141807646194
0x4109d212eeafc679b14a9e8ef2bf877b6f4c9284,0.00,0.00,1,0.033097049351688557,0.033097049351688557,0.033097049351688557,1,0.033097049351688557,0.033097049351688557
0x19818afe8bca6e936b6eb542cdf4cbf6898a087b,0.00,0.00,1,0.037378793246207673,0.037378793246207673,0.037378793246207673,1,0.037378793246207673,0.037378793246207673
0x83ae8cab5f3ddf3a0292408297445f6654bf316a,0.00,0.00,1,0.024090404893959250,0.024090404893959250,0.024090404893959250,1,0.024090404893959250,0.024090404893959250
0x536a6674cb4fc75f6641207079be51af57dc094d,812.20,812.20,1,0.023611167365321165,0.041509237318119535,0.032560202341720350,2,0.065120404683440700,0.065120404683440700
0xc3ece630bbc1016bd15cc61d53d471cdedb2dd24,0.00,0.00,1,0.042339570518686538,0.042339570518686538,0.042339570518686538,1,0.042339570518686538,0.042339570518686538
0x695b820cd97d2b42ac5b73fbd5fde37920267c05,0.00,0.00,1,0.036241961541895427,0.036241961541895427,0.036241961541895427,1,0.036241961541895427,0.036241961541895427
0xcca045b5bd1be76b2aaccedbdb6d75a8da292c20,4871.80,4871.80,1,0.051582425229845505,0.142120981653052092,0.096851703441448805,2,0.193703406882897611,0.193703406882897611
0x5c2c42c476608a141cf4880afd01096e10f2a2e7,3666.80,3666.80,1,0.035198472309313139,0.051987292612772663,0.043592882461042898,2,0.087185764922085796,0.087185764922085796
0x6ac501c4b368433f607996b9ee974923aaa659a2,0.00,0.00,1,0.042264529277353122,0.042264529277353122,0.042264529277353122,1,0.042264529277353122,0.042264529277353122
0x1fa15bc53e2ffa54fc6d7e011896bda584775ed8,1341.60,4024.80,1,0.029564353197549766,0.054647250538401651,0.042307564447072364,4,0.169230257788289457,0.169230257788289457
0x63fc27188ba91c75bd1ee4f807fdbce6d3251db3,451.40,451.40,1,0.017492936997480488,0.052863756467017894,0.035178346732249191,2,0.070356693464498382,0.070356693464498382
0x5826477dad8d5d8ecc3a0cbf49128c29aa4290f9,0.00,0.00,1,0.022546939226733512,0.022546939226733512,0.022546939226733512,1,0.022546939226733512,0.022546939226733512
0xceccf04a079b85d27fd4932647eecb834a18867f,0.00,0.00,1,0.023833245765317843,0.023833245765317843,0.023833245765317843,1,0.023833245765317843,0.023833245765317843
0x3831b62fd7f35befbb46cd2cf39360660e4c4435,0.00,0.00,1,0.039696859638283573,0.039696859638283573,0.039696859638283573,1,0.039696859638283573,0.039696859638283573
0xcb75bd2f5a5c97b6a2713a7cda65215d2d8a2534,0.00,0.00,1,0.094343758366728384,0.094343758366728384,0.094343758366728384,1,0.094343758366728384,0.094343758366728384
0xe7d71993a21a67e4e2310eba01cfed1a31fb062c,0.00,0.00,1,0.036442356822005383,0.036442356822005383,0.036442356822005383,1,0.036442356822005383,0.036442356822005383
0xaf2f1bc76da293f5f4b4ca31e47b79bf91f80f02,0.00,0.00,1,0.051018928439697783,0.051018928439697783,0.051018928439697783,1,0.051018928439697783,0.051018928439697783
0x1ee3c35102d86dd70ef60b1ab7d4a423e21bb1fb,0.00,0.00,1,0.359284654518770119,0.359284654518770119,0.359284654518770119,1,0.359284654518770119,0.359284654518770119
0x42f5cbf04b61c890d338f8ffe2fa36138a7ab413,0.00,0.00,1,0.063436026381183994,0.063436026381183994,0.063436026381183994,1,0.063436026381183994,0.063436026381183994
0xd0d7bdb57f5932cb26588e212c9b69fd4541499a,0.00,0.00,1,0.017530408911925078,0.017530408911925078,0.017530408911925078,1,0.017530408911925078,0.017530408911925078
0xb3857de7a40b5843f454de1a00a835587b915bf9,0.00,0.00,1,0.594674149506639105,0.594674149506639105,0.594674149506639105,1,0.594674149506639105,0.594674149506639105
0x84f1343c8c8e57abe893de8fda5b60fa6f0eeae0,0.00,0.00,1,0.076639956816183005,0.076639956816183005,0.076639956816183005,1,0.076639956816183005,0.076639956816183005
0x0631e4312599f8aa1b673a8044d35940c7652b15,0.00,0.00,1,0.041965778747228677,0.041965778747228677,0.041965778747228677,1,0.041965778747228677,0.041965778747228677
0xd53ed49eebb8356da1f5b10c1d7543df57f20647,0.00,0.00,1,0.031493857683399004,0.031493857683399004,0.031493857683399004,1,0.031493857683399004,0.031493857683399004
0x8ab127d5422ea8d6492e85d0ed0d48180c11f808,4246.40,4246.40,1,0.069138115803550254,0.205989770611766265,0.137563943207658246,2,0.275127886415316492,0.275127886415316492
0xc30b5d15294c5237df4886d674107c8ad356fdc9,2465.80,2465.80,1,0.034295911160743070,0.137750154513261447,0.086023032837002258,2,0.172046065674004517,0.172046065674004517
0xaaaaa8cfed69c9f84765cc73fdfd9c7d7e2f9ac5,0.00,0.00,1,0.024498599644224468,0.024498599644224468,0.024498599644224468,1,0.024498599644224468,0.024498599644224468
0x84058ff14d4e04ccc685f55894a2ea3003d4095d,0.00,0.00,1,0.129183921427141690,0.129183921427141690,0.129183921427141690,1,0.129183921427141690,0.129183921427141690
0x2ff0bb0ef1d2634786ccbd61c9209cf2983928eb,0.00,0.00,1,0.035702189718337038,0.035702189718337038,0.035702189718337038,1,0.035702189718337038,0.035702189718337038
0x5064fcef6d7f8725591f83ab4de55e4f58d26f9d,0.00,0.00,1,0.120592614756489844,0.120592614756489844,0.120592614756489844,1,0.120592614756489844,0.120592614756489844
0xecd7366f7758245f25728b4f2eee1d25d47f9706,0.00,0.00,1,0.038909491470145670,0.038909491470145670,0.038909491470145670,1,0.038909491470145670,0.038909491470145670
0x65e5e5eb0ea80c57040658fa01664ed1662495b3,804.60,804.60,1,0.013949965087854108,0.033717185439546479,0.023833575263700293,2,0.047667150527400587,0.047667150527400587
0x0f2b3f4c388e7fd24c69365c0135db9a8809ecfc,0.00,0.00,1,0.016331794421727847,0.016331794421727847,0.016331794421727847,1,0.016331794421727847,0.016331794421727847
0x791e5609d034c89e4762399a9a9d3b7bcbb7d41e,0.00,0.00,1,0.035829592894995085,0.035829592894995085,0.035829592894995085,1,0.035829592894995085,0.035829592894995085
0xf21c46938a0d40cff4be84564c8051f0764e9f61,0.00,0.00,1,0.059897755955017590,0.059897755955017590,0.059897755955017590,1,0.059897755955017590,0.059897755955017590
0x0a38afdd9df3ab3aa3c9544ec9a5a851be741b14,0.00,0.00,1,0.087479788397352418,0.087479788397352418,0.087479788397352418,1,0.087479788397352418,0.087479788397352418
0x38686df0db4a5bf296daea6a2a147ce85fea1217,0.00,0.00,1,0.116610942773729645,0.116610942773729645,0.116610942773729645,1,0.116610942773729645,0.116610942773729645
0x0016c20a45c25ad536b6b10e113bb7dc57336ed4,3556.60,3556.60,1,0.035140079630771683,0.396360699815821504,0.215750389723296604,2,0.431500779446593208,0.431500779446593208
0x8b86c6857f59b48dcca30e494b0ac6afad2d0694,0.00,0.00,1,0.029296770816327786,0.029296770816327786,0.029296770816327786,1,0.029296770816327786,0.029296770816327786
0x7d9da47e83b82a52a2b45353cdad735afb43e6f0,0.00,0.00,1,0.174275411291465288,0.174275411291465288,0.174275411291465288,1,0.174275411291465288,0.174275411291465288
0xc3d7e73c1a54e2d3fe72e0955686a8eff135111c,0.00,0.00,1,0.056574067106111625,0.056574067106111625,0.056574067106111625,1,0.056574067106111625,0.056574067106111625
0x82c13eda90d2a5c0407a747c69ad90f8eabd9527,0.00,0.00,1,0.045883666147351253,0.045883666147351253,0.045883666147351253,1,0.045883666147351253,0.045883666147351253
0x5b91ea63b0714532a94982888dc9e9dbd40150bd,3677.00,3677.00,1,0.133310080872119902,0.134769820879146629,0.134039950875633251,2,0.268079901751266503,0.268079901751266503
0x8e0f7dafc79859c7886e101f0ccec8ce3a726e37,1776.20,3552.40,1,0.028111810685667541,0.078584885358390477,0.047287581327960654,3,0.141862743983881961,0.141862743983881961
0xff271002d726d1a22525039e383aae4c744f2d4f,0.00,0.00,1,0.038493218615357594,0.038493218615357594,0.038493218615357594,1,0.038493218615357594,0.038493218615357594
0xd2f70c55fee0d15f13972f404d28913b823a90b4,801.60,1603.20,1,0.036013702802123314,0.297397173022014183,0.125392499886861186,3,0.376177499660583559,0.376177499660583559
0x283c8c5d34b4c1e7a60d84f9889819405904e2de,0.00,0.00,1,0.071954813389298558,0.071954813389298558,0.071954813389298558,1,0.071954813389298558,0.071954813389298558
0xb242d2bda9b430851cc5875a0d57f8fcd2b3d3d5,0.00,0.00,1,0.069535792472357472,0.069535792472357472,0.069535792472357472,1,0.069535792472357472,0.069535792472357472
0x01af58b6bb502810268a44adfcbd48ddc6739d7f,0.00,0.00,1,0.129123540360075673,0.129123540360075673,0.129123540360075673,1,0.129123540360075673,0.129123540360075673
0x4e31962d0567232785780550dd7db271913cacc4,1181.53,3544.60,1,0.068550239938555094,1.052474073221753015,0.320497409422721202,4,1.281989637690884809,1.281989637690884809
0xc6406ca4ce6a4c0f8f02724fbbe9716f7776eada,0.00,0.00,1,0.063070835400523134,0.063070835400523134,0.063070835400523134,1,0.063070835400523134,0.063070835400523134
0xa2d37f8ddb58b7515d346565989d924f3560c4ca,0.00,0.00,1,0.073747310563341884,0.073747310563341884,0.073747310563341884,1,0.073747310563341884,0.073747310563341884
0xe46203ca942c4ba1a9249b6b9b27a79761819606,0.00,0.00,1,0.037163450984687270,0.037163450984687270,0.037163450984687270,1,0.037163450984687270,0.037163450984687270
0xcce68d9232824553fcaea9919e27db774459d342,0.00,0.00,1,0.055507793597895136,0.055507793597895136,0.055507793597895136,1,0.055507793597895136,0.055507793597895136
0xaecd92aec5bfbe2f5a02db2dee90733897360983,3437.80,3437.80,1,0.199228884116221389,0.268420075226626864,0.233824479671424112,2,0.467648959342848225,0.467648959342848225
0x7f68b094bae6e6ceabea41446ab3997d130e24ed,0.00,0.00,1,0.032540367741195050,0.032540367741195050,0.032540367741195050,1,0.032540367741195050,0.032540367741195050
0xeeda79dc5cf9ed0a34393619d899e4a5c81f2f4c,0.00,0.00,1,0.030675035888691617,0.030675035888691617,0.030675035888691617,1,0.030675035888691617,0.030675035888691617
0xee2e08dd78c02dbe4174c0de69a0fff3b4793822,0.00,0.00,1,0.042368182124152665,0.042368182124152665,0.042368182124152665,1,0.042368182124152665,0.042368182124152665
0xfa97717514f48e7e031d66a92681e47c079ff3cb,0.00,0.00,1,0.172859070663174880,0.172859070663174880,0.172859070663174880,1,0.172859070663174880,0.172859070663174880
0x8faf1050379e5026cfddc59b24b0b78daef7c255,0.00,0.00,1,0.029142412698862610,0.029142412698862610,0.029142412698862610,1,0.029142412698862610,0.029142412698862610
0xf621ec772e8be6e71f7da21a6823c4c78efcceb3,0.00,0.00,1,0.050532353005474477,0.050532353005474477,0.050532353005474477,1,0.050532353005474477,0.050532353005474477
0x6fbc369bebe84355fb76e55649db98122c1c33cf,0.00,0.00,1,0.129423544069881852,0.129423544069881852,0.129423544069881852,1,0.129423544069881852,0.129423544069881852
0x87f768289533b16f372e3e9a678f52cc62c3a6a1,0.00,0.00,1,0.120222969080530540,0.120222969080530540,0.120222969080530540,1,0.120222969080530540,0.120222969080530540
0xa6cf67daca43cdd173d9aabdfedd696c93ff64c8,0.00,0.00,1,0.181423523294400119,0.181423523294400119,0.181423523294400119,1,0.181423523294400119,0.181423523294400119
0x560d53935ca08f0397ac9ef47e0e7530c67faeb2,0.00,0.00,1,0.054938110987025682,0.054938110987025682,0.054938110987025682,1,0.054938110987025682,0.054938110987025682
0x600ddd8bde9fb00de5a325c560dbf75e616d0c3f,1212.60,1212.60,1,0.050676379148086426,0.308142558809356648,0.179409468978721537,2,0.358818937957443074,0.358818937957443074
0x31a6d4992a9123e2177c3d5ef64d92e605310c6b,0.00,0.00,1,0.278888391165171778,0.278888391165171778,0.278888391165171778,1,0.278888391165171778,0.278888391165171778
0xe3577c3908fc16dcfc093c129f451d3b001a6ba1,0.00,0.00,1,0.073375811147073602,0.073375811147073602,0.073375811147073602,1,0.073375811147073602,0.073375811147073602
0x462ea6b393a776de5edf009bdff0e0a477b9dc32,0.00,0.00,1,0.070702560501972989,0.070702560501972989,0.070702560501972989,1,0.070702560501972989,0.070702560501972989
0x6fe0609e3b15ed7b07dc947f56f3816b6eead459,0.00,0.00,1,0.093760372780742188,0.093760372780742188,0.093760372780742188,1,0.093760372780742188,0.093760372780742188
0xb4415d57a7fae42d2f7074e3f9cbe161cba1bb7f,0.00,0.00,1,0.032960538454471666,0.032960538454471666,0.032960538454471666,1,0.032960538454471666,0.032960538454471666
0xd2b9dcfc6518e0c27a2ca91115f6e495fda03990,0.00,0.00,1,0.026676019250412950,0.026676019250412950,0.026676019250412950,1,0.026676019250412950,0.026676019250412950
0xee364ef83cd4a0184179786ef46e921fe42cc6ab,0.00,0.00,1,0.025711109710807225,0.025711109710807225,0.025711109710807225,1,0.025711109710807225,0.025711109710807225
0x422bcf28882673c5b50f900d01c0d1902bc4fecb,0.00,0.00,1,0.133045826469088024,0.133045826469088024,0.133045826469088024,1,0.133045826469088024,0.133045826469088024
0xfa83c076cd4b5a9053bfd27898e3bfc45f06cd59,0.00,0.00,1,0.046815340820397199,0.046815340820397199,0.046815340820397199,1,0.046815340820397199,0.046815340820397199
0x60987e0d8b5e0095869ca6f0e642828e3f258bb5,0.00,0.00,1,0.063516908183080076,0.063516908183080076,0.063516908183080076,1,0.063516908183080076,0.063516908183080076
0x9981c2831da1870f3791901d78fa97feac9c6bc1,0.00,0.00,1,0.059369091305082833,0.059369091305082833,0.059369091305082833,1,0.059369091305082833,0.059369091305082833
0x872294b5e9357787791a6ec9ba662de341c9e1a6,852.20,852.20,1,0.054348416159283347,0.071386661759417172,0.062867538959350266,2,0.125735077918700533,0.125735077918700533
0xb700e098e48ce189a08b63c484a06a59e2afcbe5,0.00,0.00,1,0.315447256077530047,0.315447256077530047,0.315447256077530047,1,0.315447256077530047,0.315447256077530047
0xeac7cfd32c2f0fb1930d81205d3691d461e76c1d,0.00,0.00,1,0.137535956755056699,0.137535956755056699,0.137535956755056699,1,0.137535956755056699,0.137535956755056699
0xb769b19159332e8ebd8134dc035c91db9c39b455,0.00,0.00,1,0.034480164445151985,0.034480164445151985,0.034480164445151985,1,0.034480164445151985,0.034480164445151985
0x54ec5d825fe8ca4f3ab2e48b60b2ab14f1a2e380,0.00,0.00,1,0.040316286907984451,0.040316286907984451,0.040316286907984451,1,0.040316286907984451,0.040316286907984451
0x80eb03c689336d6ad65ef3791648735c27cd42ea,0.00,0.00,1,0.130798661936599003,0.130798661936599003,0.130798661936599003,1,0.130798661936599003,0.130798661936599003
0x6fb2aa2443564d9430b9483b1a5eea13a522df45,705.50,1411.00,1,0.053970952036053170,1.079578651793331678,0.415253207830806270,3,1.245759623492418866,1.245759623492418866
0x1a2df0981860f08fdbd8a7b7ca98ae760d396341,0.00,0.00,1,0.055507152075989885,0.055507152075989885,0.055507152075989885,1,0.055507152075989885,0.055507152075989885
0x8e4cb65a57ba6dfe85495f993f4397064f391c34,0.00,0.00,1,0.041650676441852490,0.041650676441852490,0.041650676441852490,1,0.041650676441852490,0.041650676441852490
0x9872ff1f5c6e94083880a400f53a22b4c7495611,0.00,0.00,1,0.042851641008171147,0.042851641008171147,0.042851641008171147,1,0.042851641008171147,0.042851641008171147
0x2d941a4cfaabb0f633050e17df70b35213c20bce,0.00,0.00,1,0.028949123576833415,0.028949123576833415,0.028949123576833415,1,0.028949123576833415,0.028949123576833415
0x818f6cc8298cbf6ed8cb85fbb01b6bee72313562,0.00,0.00,1,0.136938652462903793,0.136938652462903793,0.136938652462903793,1,0.136938652462903793,0.136938652462903793
0x26e2fa524b85072ed7fb5d5d9237804dc6c0a140,0.00,0.00,1,0.661075810449728851,0.661075810449728851,0.661075810449728851,1,0.661075810449728851,0.661075810449728851
0x14db8021ad63c349f311b917051dc38bc75e78b7,0.00,0.00,1,0.051509788725757198,0.051509788725757198,0.051509788725757198,1,0.051509788725757198,0.051509788725757198
0x4b4f8a0ac4c6f102a030c77234c89eef86365eef,0.00,0.00,1,0.035711418362831683,0.035711418362831683,0.035711418362831683,1,0.035711418362831683,0.035711418362831683
0xb9e0e743c32620f37b768fb052354651cf5dc310,0.00,0.00,1,0.129090246754105492,0.129090246754105492,0.129090246754105492,1,0.129090246754105492,0.129090246754105492
0xce517bcf518f3adafa3533db6361b00ce2608361,0.00,0.00,1,0.029034610663756677,0.029034610663756677,0.029034610663756677,1,0.029034610663756677,0.029034610663756677
0x06402780c4855a8e1f128e41384a49fd73f78788,0.00,0.00,1,0.133599929841840603,0.133599929841840603,0.133599929841840603,1,0.133599929841840603,0.133599929841840603
0x8c173d857b8d9c355a8d618c615a418443d098ea,0.00,0.00,1,0.124768484835904164,0.124768484835904164,0.124768484835904164,1,0.124768484835904164,0.124768484835904164
0x4616f841f276fdf022dc4514120aec0c3fb9e980,1782.40,1782.40,1,0.152892061728443218,0.286781929789460155,0.219836995758951687,2,0.439673991517903373,0.439673991517903373
0xef1771b65f443a9d10180495c18447b1229e8ec8,0.00,0.00,1,0.334514532785964880,0.334514532785964880,0.334514532785964880,1,0.334514532785964880,0.334514532785964880
0x67e912a5fdcd77c287714eb42d16ea9c32fd9b38,0.00,0.00,1,0.095237483066603595,0.095237483066603595,0.095237483066603595,1,0.095237483066603595,0.095237483066603595
0x2894690ac5fcdc82aaa372e8bf85797c7e7b577c,0.00,0.00,1,0.403325748988309529,0.403325748988309529,0.403325748988309529,1,0.403325748988309529,0.403325748988309529
0x69ad95b08f3bdb60de1cf3f08d76c9a2819a76d3,0.00,0.00,1,0.036920476808271201,0.036920476808271201,0.036920476808271201,1,0.036920476808271201,0.036920476808271201
0xf3ec9a3bab8176b1611d4227977ad3369264638d,0.00,0.00,1,0.059179061550018147,0.059179061550018147,0.059179061550018147,1,0.059179061550018147,0.059179061550018147
0xa1a547358a9ca8e7b320d7742729e3334ad96546,583.70,1167.40,1,0.074646206835048412,0.676757358560473588,0.283656541145475338,3,0.850969623436426015,0.850969623436426015
0xcb02f935bf2a281f4b8075a985351fa30d4cb499,0.00,0.00,1,0.153990306758068074,0.153990306758068074,0.153990306758068074,1,0.153990306758068074,0.153990306758068074
0xd82b18dfce9111c95c1af143d11c2a429b7d44e7,0.00,0.00,1,0.319856419684641957,0.319856419684641957,0.319856419684641957,1,0.319856419684641957,0.319856419684641957
0x804883793d83dd12976aca8b455181f5fc19a5df,0.00,0.00,1,0.109276018104832173,0.109276018104832173,0.109276018104832173,1,0.109276018104832173,0.109276018104832173
0x2cfc577ccc281e11de00de53d134868840ee54f2,0.00,0.00,1,0.083979682459548399,0.083979682459548399,0.083979682459548399,1,0.083979682459548399,0.083979682459548399
0xe449184f969cc8108c1a78e41210d046506295b3,0.00,0.00,1,0.077183370780282159,0.077183370780282159,0.077183370780282159,1,0.077183370780282159,0.077183370780282159
0xb6e477c29452d8d5e87c999ac664e6d245e5474a,0.00,0.00,1,0.159753862730050600,0.159753862730050600,0.159753862730050600,1,0.159753862730050600,0.159753862730050600
0x2ebdce23448ab81da726302f7c51b92eb996fe3a,0.00,0.00,1,0.054836987202956926,0.054836987202956926,0.054836987202956926,1,0.054836987202956926,0.054836987202956926
0x659f9ee7abf11e9373927f38857edf575207c86b,0.00,0.00,1,0.025980614009896826,0.025980614009896826,0.025980614009896826,1,0.025980614009896826,0.025980614009896826
0xf68e2b1fab9469ff2177912ad330c019d62e374e,0.00,0.00,1,0.028113464311468911,0.028113464311468911,0.028113464311468911,1,0.028113464311468911,0.028113464311468911
0x2fb7181ebae461b160e69e95a28288c9b0a4db38,0.00,0.00,1,0.028734193203654203,0.028734193203654203,0.028734193203654203,1,0.028734193203654203,0.028734193203654203
0xd7210af89d6ddd80cf5a2a014bbd4aa91b992f07,0.00,0.00,1,0.048780973560789469,0.048780973560789469,0.048780973560789469,1,0.048780973560789469,0.048780973560789469
0x6c95d798b5555467be86e6afffee3216490d9ad6,703.80,703.80,1,0.085037877922217134,0.110576302680762364,0.097807090301489749,2,0.195614180602979498,0.195614180602979498
0xabd5acf1225bc63ae362a881e11ee314267c29fe,0.00,0.00,1,0.047693266391839247,0.047693266391839247,0.047693266391839247,1,0.047693266391839247,0.047693266391839247
0x470d2114a4499fee04b051bebb5f8bb297d399bf,0.00,0.00,1,0.052906424144954133,0.052906424144954133,0.052906424144954133,1,0.052906424144954133,0.052906424144954133
0x4e4a0bfa927154c1db48278f80c01f2d2a7d7dcd,0.00,0.00,1,0.076980320446613765,0.076980320446613765,0.076980320446613765,1,0.076980320446613765,0.076980320446613765
0xd725cf73831235a459e4dde279dd4af9002f4d5c,48.40,48.40,1,0.226241680166865217,0.365079357568395158,0.295660518867630173,2,0.591321037735260346,0.591321037735260346
0xec73833de4b810bb027810fc8f69f544e83c12d1,0.00,0.00,1,0.067313948768608883,0.067313948768608883,0.067313948768608883,1,0.067313948768608883,0.067313948768608883
0xcc7994e33a21702364e93e04f33927018b2a62ed,0.00,0.00,1,2.400784489587826531,2.400784489587826531,2.400784489587826531,1,2.400784489587826531,2.400784489587826531
0xa8babac2a6d66db720d8271e7a85fb0cb78a5377,0.00,0.00,1,3.527033181650390592,3.527033181650390592,3.527033181650390592,1,3.527033181650390592,3.527033181650390592
0x7dc7ef3113074f2c320172373bedc74a36c642e4,0.00,0.00,1,0.117585196437132597,0.117585196437132597,0.117585196437132597,1,0.117585196437132597,0.117585196437132597
0x8dede4689deab0096fa45200edc110909f569742,0.00,0.00,1,0.238748129977531809,0.238748129977531809,0.238748129977531809,1,0.238748129977531809,0.238748129977531809
0xc77dddc3c554fb45ff9b50c4adf7303e0869e5e9,0.00,0.00,1,0.398218255895012863,0.398218255895012863,0.398218255895012863,1,0.398218255895012863,0.398218255895012863
0xcb02354de51c249d0e48d2b9b0b5dc20ae388e5e,0.00,0.00,1,0.324893359198502929,0.324893359198502929,0.324893359198502929,1,0.324893359198502929,0.324893359198502929
0x534029b6371dc4453dd750bc1198181f55c859fe,0.00,0.00,1,2.555090478745067895,2.555090478745067895,2.555090478745067895,1,2.555090478745067895,2.555090478745067895
0xb6e971b03483ebb6415553c0413e8e2223ad883d,0.00,0.00,1,1.549895255147596185,1.549895255147596185,1.549895255147596185,1,1.549895255147596185,1.549895255147596185
0x72b0594c95a0a8bc92f186201fb6e2ed0346956c,0.00,0.00,1,2.051788367243430500,2.051788367243430500,2.051788367243430500,1,2.051788367243430500,2.051788367243430500
0xd2e80dcd64f1f48da22c3057393b79c3eb38c84c,0.00,0.00,1,0.330550346977745546,0.330550346977745546,0.330550346977745546,1,0.330550346977745546,0.330550346977745546
0xad90b56c8508787b1aec19bd31377ba2638231ec,0.00,0.00,1,0.526348924279001373,0.526348924279001373,0.526348924279001373,1,0.526348924279001373,0.526348924279001373
0xe0d082bfe96cfb4a6db758368fca9e6028535c61,0.00,0.00,1,0.323567585604671804,0.323567585604671804,0.323567585604671804,1,0.323567585604671804,0.323567585604671804
0xe8df8bc60961e825100ecfb5c8ac552d1fca3556,264.50,529.00,1,0.056782608375876960,0.251546615461546608,0.150948821374882219,3,0.452846464124646630,0.452846464124646630
0x816e4a1589e363720c15c54dfd2efd16f6377070,277.20,831.60,1,0.100000000000000006,208.000000000000000000,75.525000000000005684,4,302.100000000000022737,302.100000000000022737
0x20adaf9c13ee0429ae01168256cd802b8a0b6be7,0.00,0.00,1,0.072742923516501953,0.072742923516501953,0.072742923516501953,1,0.072742923516501953,0.072742923516501953
0x95035e67978e94b71a57e1e6aeed7cedc2d7c320,0.00,0.00,1,0.903951429053206024,0.903951429053206024,0.903951429053206024,1,0.903951429053206024,0.903951429053206024
0x5c56ae64e6892166a5ab8df7b26fd71b63593b3d,0.00,0.00,1,0.219850912309748681,0.219850912309748681,0.219850912309748681,1,0.219850912309748681,0.219850912309748681
0xd6e98770457e237651395069a2fd2dc3371c0155,0.00,0.00,1,0.193933748117113947,0.193933748117113947,0.193933748117113947,1,0.193933748117113947,0.193933748117113947
0xc5bffa8d1d2070332a5a2ae6053e138ccba084af,0.00,0.00,1,1.772426470688232225,1.772426470688232225,1.772426470688232225,1,1.772426470688232225,1.772426470688232225
0x13d7d0277ac89cb3a1bd29642d3f063133771527,587.60,587.60,1,0.037268997888911463,0.043546573112761937,0.040407785500836700,2,0.080815571001673400,0.080815571001673400
0x7d448fa72d87f3242012ad7227b84887cde6636d,0.00,0.00,1,0.048454982755888762,0.048454982755888762,0.048454982755888762,1,0.048454982755888762,0.048454982755888762
0x400dfd857141f7cf8d1fa0329ae30f5f96854dfb,0.00,0.00,1,0.147146965245929323,0.147146965245929323,0.147146965245929323,1,0.147146965245929323,0.147146965245929323
0x7bce345d1436eeec13d79ed91656019265fceb5f,0.00,0.00,1,0.045642607477122475,0.045642607477122475,0.045642607477122475,1,0.045642607477122475,0.045642607477122475
0xa9785b36ef449e42cd6dd50d7f178f532d48096c,0.00,0.00,1,0.088974897809656853,0.088974897809656853,0.088974897809656853,1,0.088974897809656853,0.088974897809656853
0x0cbae1432680e0f2160b919870d75f21d6e5c9ec,423.80,423.80,1,0.090457971607763740,0.117484372457411779,0.103971172032587766,2,0.207942344065175533,0.207942344065175533
0x2d4901cbaadf9d738ab202d7a1a442af78ca0b5e,0.00,0.00,1,0.077765254518908006,0.077765254518908006,0.077765254518908006,1,0.077765254518908006,0.077765254518908006
0x97a2b6a03b07435677f1b7db8444ea94f19a3c4a,0.00,0.00,1,0.198586943458451848,0.198586943458451848,0.198586943458451848,1,0.198586943458451848,0.198586943458451848
0xc33ce60280a97bc50955666246f57b1a56e804c1,0.00,0.00,1,0.122231922958096095,0.122231922958096095,0.122231922958096095,1,0.122231922958096095,0.122231922958096095
0xa2b993ef3c86038b9bbe140b10240e412352fc10,0.00,0.00,1,0.094920975813446620,0.094920975813446620,0.094920975813446620,1,0.094920975813446620,0.094920975813446620
0x4a21bbe7b3d01ba418189b3107e27f5608739380,0.00,0.00,1,0.081460671549773087,0.081460671549773087,0.081460671549773087,1,0.081460671549773087,0.081460671549773087
0x2d54df59a3adecb193be638edeb6fc730a510099,0.00,0.00,1,0.043093066971388143,0.043093066971388143,0.043093066971388143,1,0.043093066971388143,0.043093066971388143
0x7144e79f811e97cd8a7b1e9c70111539bca2dcfb,0.00,0.00,1,0.170992403776994678,0.170992403776994678,0.170992403776994678,1,0.170992403776994678,0.170992403776994678
0x14cff9412c325235bd849077538161333fbc9ab4,0.00,0.00,1,0.123777629175998966,0.123777629175998966,0.123777629175998966,1,0.123777629175998966,0.123777629175998966
0xc0a4f6dcfb44ca7df0b9641decf4f67b425a20a4,0.00,0.00,1,0.040660289327298683,0.040660289327298683,0.040660289327298683,1,0.040660289327298683,0.040660289327298683
0x7a9cd7a56c699d2711e2a50af7856e4c06e38a58,0.00,0.00,1,0.039104519150748335,0.039104519150748335,0.039104519150748335,1,0.039104519150748335,0.039104519150748335
0xfa92f503c82b2be5705e63df1de9bcef8eb6e561,0.00,0.00,1,0.052929691532294959,0.052929691532294959,0.052929691532294959,1,0.052929691532294959,0.052929691532294959
0x6c9d84728161e4527af33ff32447adbfeebcc354,0.00,0.00,1,0.158291295440174534,0.158291295440174534,0.158291295440174534,1,0.158291295440174534,0.158291295440174534
0x7682c9585045ee3eeb88e610c3564e684ba5488a,0.00,0.00,1,0.146128090632970081,0.146128090632970081,0.146128090632970081,1,0.146128090632970081,0.146128090632970081
0x16ae80c1ad688ad5d41e9482513fd81b0bd217ea,0.00,0.00,1,0.235264545521177426,0.235264545521177426,0.235264545521177426,1,0.235264545521177426,0.235264545521177426
0x2990555a8139b4b4bbf8ebcbcf9eccd763727088,0.00,0.00,1,0.091774058307590667,0.091774058307590667,0.091774058307590667,1,0.091774058307590667,0.091774058307590667
0x6193ab7352f01af1914e58db81dc7dc3d8904261,0.00,0.00,1,0.043452198918678166,0.043452198918678166,0.043452198918678166,1,0.043452198918678166,0.043452198918678166
0xc4e0a99a4b29cd64464f1b843526bc00c331c129,0.00,0.00,1,0.085999472469289587,0.085999472469289587,0.085999472469289587,1,0.085999472469289587,0.085999472469289587
0xce83e80166d6e93ff91e30072ed6dd0380290457,0.00,0.00,1,0.055398257321656118,0.055398257321656118,0.055398257321656118,1,0.055398257321656118,0.055398257321656118
0x7a62830d05a1b7d75c2c3b7714bfa3a9c3cf3e30,0.00,0.00,1,0.069318946186637281,0.069318946186637281,0.069318946186637281,1,0.069318946186637281,0.069318946186637281
0x37c333ac1a94d831c04b7c1578527ab2cae203b4,0.00,0.00,1,0.022726772216545007,0.022726772216545007,0.022726772216545007,1,0.022726772216545007,0.022726772216545007
0x09ad0ebb81eab12827097e56175ef55b2406c3bb,0.00,0.00,1,0.051869506236419033,0.051869506236419033,0.051869506236419033,1,0.051869506236419033,0.051869506236419033
0x2f405912248c60ce5d297c0ae88476ad52305332,0.00,0.00,1,0.061194257554851431,0.061194257554851431,0.061194257554851431,1,0.061194257554851431,0.061194257554851431
0x04515748cdd564dd639cae87237199d5705bf250,0.00,0.00,1,0.085033298377926267,0.085033298377926267,0.085033298377926267,1,0.085033298377926267,0.085033298377926267
0x3c6840e52144401f2b8d77c767d619aa103636a0,0.00,0.00,1,0.035908293755448732,0.035908293755448732,0.035908293755448732,1,0.035908293755448732,0.035908293755448732
0x4ce0ca184bc155a5df5dae2f4643cba60eb1a9ed,0.00,0.00,1,0.069216875559395222,0.069216875559395222,0.069216875559395222,1,0.069216875559395222,0.069216875559395222
0xd6475c558a7220770b7b63df40ab4716d30584de,0.00,0.00,1,0.226450843900292437,0.226450843900292437,0.226450843900292437,1,0.226450843900292437,0.226450843900292437
0x5b7560154159431eab6a74af123e52c98af81e6b,0.00,0.00,1,0.110098255230119985,0.110098255230119985,0.110098255230119985,1,0.110098255230119985,0.110098255230119985
0x3c02f8407fc46f26209beb72a1c50268e04ac273,0.00,0.00,1,0.217202130395106940,0.217202130395106940,0.217202130395106940,1,0.217202130395106940,0.217202130395106940
0x9d204c1988afeec88aca81c6af6d74833189e392,0.00,0.00,1,0.108992933575097470,0.108992933575097470,0.108992933575097470,1,0.108992933575097470,0.108992933575097470
0x2778b475a7f63db3f8d2f25c0d8cc0f6ac5798c0,0.00,0.00,1,0.154561242701620916,0.154561242701620916,0.154561242701620916,1,0.154561242701620916,0.154561242701620916
0xaea8e0f99efdcdc8e8bde04114dc397c50481c6d,0.00,0.00,1,0.083340252500915327,0.083340252500915327,0.083340252500915327,1,0.083340252500915327,0.083340252500915327
0xf7098d1fde0cdf43abbcc4f01e16aa11ab69029b,0.00,0.00,1,0.078069809650788691,0.078069809650788691,0.078069809650788691,1,0.078069809650788691,0.078069809650788691
0x602b2c72a89a1c80dba2198c9dc472012c733e89,0.00,0.00,1,0.657011207928035690,0.657011207928035690,0.657011207928035690,1,0.657011207928035690,0.657011207928035690
0x365329a67c685d88e2debe6fc54eca3cea9d1bb1,0.00,0.00,1,7.993600456388609388,7.993600456388609388,7.993600456388609388,1,7.993600456388609388,7.993600456388609388
0x8ad5ee55a8425a8a4938106050636e0901df4321,0.00,0.00,1,1.135937701689023971,1.135937701689023971,1.135937701689023971,1,1.135937701689023971,1.135937701689023971